---,X,Y,Z,VX,VY,VZ,pitch,yaw,roll
1,45,49,53,44,45,53,44,49,51
2,45,54,44,45,55,44,49,52,44
3,45,54,44,45,55,44,49,52,44
4,45,54,44,45,55,44,49,52,44
5,45,54,44,45,55,44,49,52,44
6,45,54,44,45,55,44,49,52,44
7,45,54,44,45,55,44,49,52,44
8,45,54,44,45,55,44,49,52,44
9,45,54,44,45,55,44,49,52,44
10,45,54,44,45,55,44,49,52,44
11,45,54,44,45,55,44,49,52,44
12,45,54,44,45,55,44,49,52,44
13,45,54,44,45,55,44,49,52,44
14,45,54,44,45,55,44,49,52,44
15,45,54,44,45,55,44,49,52,44
16,45,54,44,45,55,44,49,52,44
17,45,54,44,45,55,44,49,52,44
18,45,54,44,45,55,44,49,52,44
19,45,54,44,45,55,44,49,52,44
20,45,54,44,45,55,44,49,52,44
21,45,54,44,45,55,44,49,52,44
22,45,54,44,45,55,44,49,52,44
23,45,54,44,45,55,44,49,52,44
24,45,54,44,45,55,44,49,52,44
25,45,54,44,45,55,44,49,52,44
26,45,54,44,45,55,44,49,52,44
27,45,54,44,45,55,44,49,52,44
28,45,54,44,45,55,44,49,52,44
29,45,54,44,45,55,44,49,52,44
30,45,54,44,45,55,44,49,52,44
31,45,54,44,45,55,44,49,52,44
32,45,54,44,45,55,44,49,52,44
33,45,54,44,45,55,44,49,52,44
34,45,54,44,45,55,44,49,52,44
35,45,54,44,45,55,44,49,52,44
36,45,54,44,45,55,44,49,52,44
37,45,54,44,45,55,44,49,52,44
38,45,54,44,45,55,44,49,52,44
39,45,54,44,45,55,44,49,52,44
40,45,54,44,45,55,44,49,52,44
41,45,54,44,45,55,44,49,52,44
42,45,54,44,45,55,44,49,52,44
43,45,54,44,45,55,44,49,52,44
44,45,54,44,45,55,44,49,52,44
45,45,54,44,45,55,44,49,52,44
46,45,54,44,45,55,44,49,52,44
47,45,54,44,45,55,44,49,52,44
48,45,54,44,45,55,44,49,52,44
49,45,54,44,45,55,44,49,52,44
50,45,54,44,45,55,44,49,52,44
51,45,54,44,45,55,44,49,52,44
52,45,54,44,45,55,44,49,52,44
53,45,54,44,45,55,44,49,52,44
54,45,54,44,45,55,44,49,52,44
55,45,54,44,45,55,44,49,52,44
56,45,54,44,45,55,44,49,52,44
57,45,54,44,45,55,44,49,52,44
58,45,54,44,45,55,44,49,52,44
59,45,54,44,45,55,44,49,52,44
60,45,54,44,45,55,44,49,52,44
61,45,54,44,45,55,44,49,52,44
62,45,54,44,45,55,44,49,52,44
63,45,54,44,45,55,44,49,52,44
64,45,54,44,45,55,44,49,52,44
65,45,54,44,45,55,44,49,52,44
66,45,54,44,45,55,44,49,52,44
67,45,54,44,45,55,44,49,52,44
68,45,54,44,45,55,44,49,52,44
69,45,54,44,45,55,44,49,52,44
70,45,54,44,45,55,44,49,52,44
71,45,54,44,45,55,44,49,52,44
72,45,54,44,45,55,44,49,52,44
73,45,54,44,45,55,44,49,52,44
74,45,54,44,45,55,44,49,52,44
75,45,54,44,45,55,44,49,52,44
76,45,54,44,45,55,44,49,52,44
77,45,54,44,45,55,44,49,52,44
78,45,54,44,45,55,44,49,52,44
79,45,54,44,45,55,44,49,52,44
80,45,54,44,45,55,44,49,52,44
81,45,54,44,45,55,44,49,52,44
82,45,54,44,45,55,44,49,52,44
83,45,54,44,45,55,44,49,52,44
84,45,54,44,45,55,44,49,52,44
85,45,54,44,45,55,44,49,52,44
86,45,54,44,45,55,44,49,52,44
87,45,54,44,45,55,44,49,52,44
88,45,54,44,45,55,44,49,52,44
89,45,54,44,45,55,44,49,52,44
90,45,54,44,45,55,44,49,52,44
91,45,54,44,45,55,44,49,52,44
92,45,54,44,45,55,44,49,52,44
93,45,54,44,45,55,44,49,52,44
94,45,54,44,45,55,44,49,52,44
95,45,54,44,45,55,44,49,52,44
96,45,54,44,45,55,44,49,52,44
97,45,54,44,45,55,44,49,52,44
98,45,54,44,45,55,44,49,52,44
99,45,54,44,45,55,44,49,52,44
100,45,54,44,45,55,44,49,52,44
101,45,54,44,45,55,44,49,52,44
102,45,54,44,45,55,44,49,52,44
103,45,54,44,45,55,44,49,52,44
104,45,54,44,45,55,44,49,52,44
105,45,54,44,45,55,44,49,52,44
106,45,54,44,45,55,44,49,52,44
107,45,54,44,45,55,44,49,52,44
108,45,54,44,45,55,44,49,52,44
109,45,54,44,45,55,44,49,52,44
110,45,54,44,45,55,44,49,52,44
111,45,54,44,45,55,44,49,52,44
112,45,54,44,45,55,44,49,52,44
113,45,54,44,45,55,44,49,52,44
114,45,54,44,45,55,44,49,52,44
115,45,54,44,45,55,44,49,52,44
116,45,54,44,45,55,44,49,52,44
117,45,54,44,45,55,44,49,52,44
118,45,54,44,45,55,44,49,52,44
119,45,54,44,45,55,44,49,52,44
120,45,54,44,45,55,44,49,52,44
121,45,54,44,45,55,44,49,52,44
122,45,54,44,45,55,44,49,52,44
123,45,54,44,45,55,44,49,52,44
124,45,54,44,45,55,44,49,52,44
125,45,54,44,45,55,44,49,52,44
126,45,54,44,45,55,44,49,52,44
127,45,54,44,45,55,44,49,52,44
128,45,54,44,45,55,44,49,52,44
129,45,54,44,45,55,44,49,52,44
130,45,54,44,45,55,44,49,52,44
131,45,54,44,45,55,44,49,52,44
132,45,54,44,45,55,44,49,52,44
133,45,54,44,45,55,44,49,52,44
134,45,54,44,45,55,44,49,52,44
135,45,54,44,45,55,44,49,52,44
136,45,54,44,45,55,44,49,52,44
137,45,54,44,45,55,44,49,52,44
138,45,54,44,45,55,44,49,52,44
139,45,54,44,45,55,44,49,52,44
140,45,54,44,45,55,44,49,52,44
141,45,54,44,45,55,44,49,52,44
142,45,54,44,45,55,44,49,52,44
143,45,54,44,45,55,44,49,52,44
144,45,54,44,45,55,44,49,52,44
145,45,54,44,45,55,44,49,52,44
146,45,54,44,45,55,44,49,52,44
147,45,54,44,45,55,44,49,52,44
148,45,54,44,45,55,44,49,52,44
149,45,54,44,45,55,44,49,52,44
150,45,54,44,45,55,44,49,52,44
151,45,54,44,45,55,44,49,52,44
152,45,54,44,45,55,44,49,52,44
153,45,54,44,45,55,44,49,52,44
154,45,54,44,45,55,44,49,52,44
155,45,54,44,45,55,44,49,52,44
156,45,54,44,45,55,44,49,52,44
157,45,54,44,45,55,44,49,52,44
158,45,54,44,45,55,44,49,52,44
159,45,54,44,45,55,44,49,52,44
160,45,54,44,45,55,44,49,52,44
161,45,54,44,45,55,44,49,52,44
162,45,54,44,45,55,44,49,52,44
163,45,54,44,45,55,44,49,52,44
164,45,54,44,45,55,44,49,52,44
165,45,54,44,45,55,44,49,52,44
166,45,54,44,45,55,44,49,52,44
167,45,54,44,45,55,44,49,52,44
168,45,54,44,45,55,44,49,52,44
169,45,54,44,45,55,44,49,52,44
170,45,54,44,45,55,44,49,52,44
171,45,54,44,45,55,44,49,52,44
172,45,54,44,45,55,44,49,52,44
173,45,54,44,45,55,44,49,52,44
174,45,54,44,45,55,44,49,52,44
175,45,54,44,45,55,44,49,52,44
176,45,54,44,45,55,44,49,52,44
177,45,54,44,45,55,44,49,52,44
178,45,54,44,45,55,44,49,52,44
179,45,54,44,45,55,44,49,52,44
180,45,54,44,45,55,44,49,52,44
181,45,54,44,45,55,44,49,52,44
182,45,54,44,45,55,44,49,52,44
183,45,54,44,45,55,44,49,52,44
184,45,54,44,45,55,44,49,52,44
185,45,54,44,45,55,44,49,52,44
186,45,54,44,45,55,44,49,52,44
187,45,54,44,45,55,44,49,52,44
188,45,54,44,45,55,44,49,52,44
189,45,54,44,45,55,44,49,52,44
190,45,54,44,45,55,44,49,52,44
191,45,54,44,45,55,44,49,52,44
192,45,54,44,45,55,44,49,52,44
193,45,54,44,45,55,44,49,52,44
194,45,54,44,45,55,44,49,52,44
195,45,54,44,45,55,44,49,52,44
196,45,54,44,45,55,44,49,52,44
197,45,54,44,45,55,44,49,52,44
198,45,54,44,45,55,44,49,52,44
199,45,54,44,45,55,44,49,52,44
200,45,54,44,45,55,44,49,52,44
201,45,54,44,45,55,44,49,52,44
202,45,54,44,45,55,44,49,52,44
203,45,54,44,45,55,44,49,52,44
204,45,54,44,45,55,44,49,52,44
205,45,54,44,45,55,44,49,52,44
206,45,54,44,45,55,44,49,52,44
207,45,54,44,45,55,44,49,52,44
208,45,54,44,45,55,44,49,52,44
209,45,54,44,45,55,44,49,52,44
210,45,54,44,45,55,44,49,52,44
211,45,54,44,45,55,44,49,52,44
212,45,54,44,45,55,44,49,52,44
213,45,54,44,45,55,44,49,52,44
214,45,54,44,45,55,44,49,52,44
215,45,54,44,45,55,44,49,52,44
216,45,54,44,45,55,44,49,52,44
217,45,54,44,45,55,44,49,52,44
218,45,54,44,45,55,44,49,52,44
219,45,54,44,45,55,44,49,52,44
220,45,54,44,45,55,44,49,52,44
221,45,54,44,45,55,44,49,52,44
222,45,54,44,45,55,44,49,52,44
223,45,54,44,45,55,44,49,52,44
224,45,54,44,45,55,44,49,52,44
225,45,54,44,45,55,44,49,52,44
226,45,54,44,45,55,44,49,52,44
227,45,54,44,45,55,44,49,52,44
228,45,54,44,45,55,44,49,52,44
229,45,54,44,45,55,44,49,52,44
230,45,54,44,45,55,44,49,52,44
231,45,54,44,45,55,44,49,52,44
232,45,54,44,45,55,44,49,52,44
233,45,54,44,45,55,44,49,52,44
234,45,54,44,45,55,44,49,52,44
235,45,54,44,45,55,44,49,52,44
236,45,54,44,45,55,44,49,52,44
237,45,54,44,45,55,44,49,52,44
238,45,54,44,45,55,44,49,52,44
239,45,54,44,45,55,44,49,52,44
240,45,54,44,45,55,44,49,52,44
241,45,54,44,45,55,44,49,52,44
242,45,54,44,45,55,44,49,52,44
243,45,54,44,45,55,44,49,52,44
244,45,54,44,45,55,44,49,52,44
245,45,54,44,45,55,44,49,52,44
246,45,54,44,45,55,44,49,52,44
247,45,54,44,45,55,44,49,52,44
248,45,54,44,45,55,44,49,52,44
249,45,54,44,45,55,44,49,52,44
250,45,54,44,45,55,44,49,52,44
251,45,54,44,45,55,44,49,52,44
252,45,54,44,45,55,44,49,52,44
253,45,54,44,45,55,44,49,52,44
254,45,54,44,45,55,44,49,52,44
255,48,44,48,44,48,44,48,44,48
256,45,54,44,50,53,44,49,50,44
257,45,54,44,50,53,44,49,50,44
258,45,54,44,50,53,44,49,50,44
259,45,54,44,50,53,44,49,50,44
260,45,54,44,50,53,44,49,50,44
261,45,54,44,50,53,44,49,50,44
262,45,54,44,50,53,44,49,50,44
263,45,54,44,50,53,44,49,50,44
264,45,54,44,50,53,44,49,50,44
265,45,54,44,50,53,44,49,50,44
266,45,54,44,50,53,44,49,50,44
267,45,54,44,50,53,44,49,50,44
268,45,54,44,50,53,44,49,50,44
269,45,54,44,50,53,44,49,50,44
270,45,54,44,50,53,44,49,50,44
271,45,54,44,50,53,44,49,50,44
272,45,54,44,50,53,44,49,50,44
273,45,54,44,50,53,44,49,50,44
274,45,54,44,50,53,44,49,50,44
275,45,54,44,50,53,44,49,50,44
276,45,54,44,50,53,44,49,50,44
277,45,54,44,50,53,44,49,50,44
278,45,54,44,50,53,44,49,50,44
279,45,54,44,50,53,44,49,50,44
280,45,54,44,45,55,44,49,52,44
281,45,54,44,45,55,44,49,52,44
282,45,54,44,45,55,44,49,52,44
283,45,54,44,45,55,44,49,52,44
284,45,54,44,45,55,44,49,52,44
285,45,54,44,45,55,44,49,52,44
286,45,54,44,45,55,44,49,52,44
287,45,54,44,45,55,44,49,52,44
288,45,54,44,45,55,44,49,52,44
289,45,54,44,45,55,44,49,52,44
290,45,54,44,45,55,44,49,52,44
291,45,54,44,45,55,44,49,52,44
292,45,54,44,50,53,44,49,50,44
293,45,54,44,50,53,44,49,50,44
294,45,54,44,50,53,44,49,50,44
295,45,54,44,50,53,44,49,50,44
296,45,54,44,50,53,44,49,50,44
297,45,54,44,50,53,44,49,50,44
298,45,54,44,50,53,44,49,50,44
299,45,54,44,50,53,44,49,50,44
300,45,54,44,50,53,44,49,50,44
301,45,54,44,50,53,44,49,50,44
302,45,54,44,50,53,44,49,50,44
303,45,54,44,50,53,44,49,50,44
304,48,44,48,44,48,44,48,44,48
305,48,44,48,44,49,52,44,48,44
306,48,44,48,44,49,52,44,48,44
307,48,44,48,44,49,52,44,48,44
308,48,44,48,44,49,52,44,48,44
309,48,44,48,44,49,52,44,48,44
310,48,44,48,44,49,52,44,48,44
311,48,44,48,44,49,52,44,48,44
312,48,44,48,44,49,52,44,48,44
313,48,44,48,44,49,52,44,48,44
314,48,44,48,44,49,52,44,48,44
315,48,44,48,44,49,52,44,48,44
316,45,54,44,50,53,44,49,50,44
317,45,54,44,50,53,44,49,50,44
318,45,54,44,50,53,44,49,50,44
319,45,54,44,50,53,44,49,50,44
320,45,54,44,50,53,44,49,50,44
321,45,54,44,50,53,44,49,50,44
322,45,54,44,50,53,44,49,50,44
323,45,54,44,50,53,44,49,50,44
324,45,54,44,50,53,44,49,50,44
325,45,54,44,50,53,44,49,50,44
326,45,54,44,50,53,44,49,50,44
327,45,54,44,50,53,44,49,50,44
328,45,54,44,50,53,44,49,50,44
329,45,54,44,50,53,44,49,50,44
330,45,49,54,44,45,51,44,49,51
331,45,49,54,44,45,51,44,49,51
332,45,49,54,44,45,51,44,49,50
333,45,49,54,44,45,51,44,49,50
334,45,49,54,44,45,51,44,49,50
335,45,49,54,44,45,51,44,49,50
336,45,49,54,44,45,51,44,49,50
337,45,49,54,44,45,51,44,49,50
338,45,49,55,44,45,52,44,49,50
339,45,49,55,44,45,52,44,49,50
340,45,49,55,44,45,52,44,49,51
341,45,49,55,44,45,52,44,49,51
342,45,49,55,44,45,52,44,49,51
343,45,49,55,44,45,52,44,49,51
344,45,49,55,44,45,52,44,49,51
345,45,49,55,44,45,52,44,49,51
346,45,49,55,44,45,52,44,49,51
347,45,49,55,44,45,52,44,49,51
348,45,49,55,44,45,52,44,49,51
349,45,49,55,44,45,52,44,49,51
350,45,49,55,44,45,52,44,49,51
351,45,49,55,44,45,52,44,49,51
352,45,49,56,44,45,52,44,49,51
353,45,49,56,44,45,52,44,49,51
354,45,49,56,44,45,52,44,49,51
355,45,49,56,44,45,52,44,49,51
356,45,49,56,44,45,52,44,49,51
357,45,49,56,44,45,51,44,49,51
358,45,49,56,44,45,51,44,49,51
359,45,49,56,44,45,51,44,49,51
360,45,49,56,44,45,51,44,49,51
361,45,49,56,44,45,51,44,49,51
362,45,49,56,44,45,51,44,49,51
363,45,49,56,44,45,51,44,49,51
364,45,49,56,44,45,50,44,49,51
365,45,49,56,44,45,50,44,49,51
366,45,49,56,44,45,50,44,49,51
367,45,49,56,44,45,49,44,49,51
368,45,49,56,44,48,44,49,51,44
369,45,49,56,44,48,44,49,51,44
370,45,49,56,44,48,44,49,51,44
371,45,49,56,44,48,44,49,51,44
372,45,49,56,44,48,44,49,51,44
373,45,49,56,44,48,44,49,51,44
374,45,49,56,44,48,44,49,51,44
375,45,49,56,44,48,44,49,50,44
376,45,49,56,44,48,44,49,50,44
377,45,49,56,44,48,44,49,50,44
378,45,49,56,44,48,44,49,50,44
379,45,49,56,44,48,44,49,50,44
380,45,49,56,44,48,44,49,50,44
381,45,49,56,44,48,44,49,50,44
382,45,49,56,44,48,44,49,50,44
383,45,49,56,44,49,44,49,50,44
384,45,49,56,44,49,44,49,50,44
385,45,49,56,44,49,44,49,50,44
386,45,49,56,44,50,44,49,50,44
387,45,49,56,44,50,44,49,50,44
388,45,49,56,44,51,44,49,50,44
389,45,49,56,44,51,44,49,50,44
390,45,49,56,44,52,44,49,50,44
391,45,49,56,44,53,44,49,50,44
392,45,49,56,44,53,44,49,50,44
393,45,49,56,44,53,44,49,50,44
394,45,49,56,44,53,44,49,50,44
395,45,49,56,44,53,44,49,50,44
396,45,49,56,44,53,44,49,51,44
397,45,49,56,44,54,44,49,51,44
398,45,49,56,44,54,44,49,51,44
399,45,49,56,44,54,44,49,51,44
400,45,49,56,44,54,44,49,51,44
401,45,49,56,44,54,44,49,51,44
402,45,49,56,44,55,44,49,51,44
403,45,49,56,44,55,44,49,51,44
404,45,49,56,44,55,44,49,51,44
405,45,49,56,44,56,44,49,51,44
406,45,49,56,44,56,44,49,51,44
407,45,49,56,44,56,44,49,51,44
408,45,49,56,44,56,44,49,51,44
409,45,49,56,44,56,44,49,51,44
410,45,49,56,44,57,44,49,51,44
411,45,49,56,44,57,44,49,51,44
412,45,49,56,44,57,44,49,51,44
413,45,49,56,44,57,44,49,50,44
414,45,49,56,44,57,44,49,50,44
415,45,49,56,44,57,44,49,50,44
416,45,49,56,44,49,48,44,49,50
417,45,49,56,44,49,48,44,49,50
418,45,49,56,44,49,48,44,49,50
419,45,49,56,44,49,48,44,49,50
420,45,49,56,44,49,48,44,49,50
421,45,49,56,44,49,48,44,49,50
422,45,49,56,44,49,49,44,49,50
423,45,49,56,44,49,49,44,49,50
424,45,49,56,44,49,49,44,49,51
425,45,49,56,44,49,49,44,49,51
426,45,49,56,44,49,49,44,49,51
427,45,49,56,44,49,50,44,49,51
428,45,49,56,44,49,50,44,49,51
429,45,49,56,44,49,50,44,49,51
430,45,49,56,44,49,50,44,49,51
431,45,49,56,44,49,51,44,49,51
432,45,49,56,44,49,51,44,49,51
433,45,49,56,44,49,51,44,49,51
434,45,49,56,44,49,52,44,49,51
435,45,49,56,44,49,52,44,49,51
436,45,49,56,44,49,52,44,49,51
437,45,49,56,44,49,52,44,49,51
438,45,49,56,44,49,52,44,49,51
439,45,49,56,44,49,52,44,49,50
440,45,49,56,44,49,53,44,49,50
441,45,49,56,44,49,53,44,49,50
442,45,49,56,44,49,53,44,49,50
443,45,49,56,44,49,53,44,49,50
444,45,49,56,44,49,53,44,49,50
445,45,49,56,44,49,54,44,49,50
446,45,49,56,44,49,55,44,49,50
447,45,49,56,44,49,55,44,49,50
448,45,49,56,44,49,52,44,49,51
449,45,49,56,44,49,53,44,49,51
450,45,49,56,44,49,54,44,49,51
451,45,49,56,44,49,54,44,49,50
452,45,49,56,44,49,55,44,49,50
453,45,49,56,44,49,56,44,49,50
454,45,49,56,44,49,57,44,49,50
455,45,49,56,44,49,57,44,49,50
456,45,49,56,44,50,48,44,49,50
457,45,49,56,44,50,48,44,49,50
458,45,49,56,44,50,48,44,49,51
459,45,49,56,44,50,49,44,49,51
460,45,49,56,44,50,49,44,49,51
461,45,49,56,44,50,49,44,49,51
462,45,49,56,44,50,49,44,49,51
463,45,49,56,44,50,49,44,49,51
464,45,49,56,44,50,49,44,49,51
465,45,49,56,44,50,49,44,49,52
466,45,49,56,44,50,50,44,49,52
467,45,49,56,44,50,50,44,49,52
468,45,49,56,44,50,50,44,49,52
469,45,49,56,44,50,50,44,49,52
470,45,49,56,44,50,50,44,49,52
471,45,49,56,44,50,50,44,49,52
472,45,49,56,44,50,51,44,49,52
473,45,49,55,44,50,51,44,49,52
474,45,49,55,44,50,51,44,49,52
475,45,49,55,44,50,51,44,49,52
476,45,49,55,44,50,51,44,49,52
477,45,49,55,44,50,52,44,49,52
478,45,49,55,44,50,52,44,49,52
479,45,49,56,44,50,52,44,49,52
480,45,49,56,44,50,52,44,49,51
481,45,49,56,44,50,52,44,49,51
482,45,49,56,44,50,52,44,49,51
483,45,49,56,44,50,52,44,49,51
484,45,49,56,44,50,53,44,49,51
485,45,49,56,44,50,53,44,49,51
486,45,49,56,44,50,53,44,49,51
487,45,49,56,44,50,53,44,49,50
488,45,49,56,44,50,53,44,49,50
489,45,49,56,44,50,53,44,49,50
490,45,49,56,44,50,54,44,49,50
491,45,49,56,44,50,54,44,49,50
492,45,49,56,44,50,54,44,49,50
493,45,49,56,44,50,54,44,49,50
494,45,49,56,44,50,54,44,49,50
495,45,49,56,44,50,54,44,49,50
496,45,49,56,44,50,54,44,49,50
497,45,49,56,44,50,54,44,49,51
498,45,49,56,44,50,54,44,49,51
499,45,49,56,44,50,55,44,49,51
500,45,49,56,44,50,55,44,49,51
501,45,49,56,44,50,55,44,49,51
502,45,49,56,44,50,55,44,49,51
503,45,49,56,44,50,55,44,49,51
504,45,49,56,44,50,55,44,49,51
505,45,49,56,44,50,56,44,49,51
506,45,49,56,44,50,56,44,49,51
507,45,49,56,44,50,56,44,49,51
508,45,49,56,44,50,57,44,49,51
509,45,49,56,44,50,57,44,49,51
510,45,49,56,44,50,57,44,49,51
511,45,49,56,44,50,57,44,49,51
512,45,49,56,44,51,48,44,49,51
513,45,49,56,44,51,48,44,49,51
514,45,49,56,44,51,48,44,49,50
515,45,49,56,44,51,48,44,49,50
516,45,49,56,44,51,48,44,49,50
517,45,49,56,44,51,49,44,49,50
518,45,49,56,44,51,49,44,49,50
519,45,49,56,44,51,50,44,49,50
520,45,49,56,44,51,50,44,49,50
521,45,49,55,44,45,49,44,49,54
522,45,49,55,44,45,49,44,49,54
523,45,49,55,44,45,49,44,49,54
524,45,49,55,44,45,49,44,49,54
525,45,49,55,44,45,49,44,49,54
526,45,49,54,44,45,49,44,49,54
527,45,49,54,44,45,50,44,49,54
528,45,49,54,44,45,50,44,49,54
529,45,49,54,44,45,50,44,49,55
530,45,49,54,44,45,50,44,49,55
531,45,49,54,44,45,50,44,49,55
532,45,49,54,44,45,50,44,49,55
533,45,49,54,44,45,50,44,49,55
534,45,49,54,44,45,50,44,49,55
535,45,49,54,44,45,50,44,49,55
536,45,49,54,44,45,51,44,49,55
537,45,49,54,44,45,51,44,49,55
538,45,49,53,44,45,51,44,49,55
539,45,49,53,44,45,51,44,49,55
540,45,49,53,44,45,51,44,49,55
541,45,49,53,44,45,51,44,49,55
542,45,49,52,44,45,51,44,49,55
543,45,49,52,44,45,52,44,49,55
544,45,49,52,44,45,52,44,49,55
545,45,49,52,44,45,52,44,49,54
546,45,49,52,44,45,52,44,49,54
547,45,49,52,44,45,52,44,49,54
548,45,49,52,44,45,52,44,49,54
549,45,49,52,44,45,52,44,49,54
550,45,49,51,44,45,52,44,49,54
551,45,49,51,44,45,52,44,49,54
552,45,49,51,44,45,52,44,49,54
553,45,49,51,44,45,52,44,49,53
554,45,49,51,44,45,52,44,49,53
555,45,49,51,44,45,53,44,49,53
556,45,49,51,44,45,53,44,49,53
557,45,49,51,44,45,53,44,49,52
558,45,49,51,44,45,53,44,49,52
559,45,49,50,44,45,53,44,49,52
560,45,49,50,44,45,53,44,49,52
561,45,49,50,44,45,53,44,49,52
562,45,49,50,44,45,53,44,49,51
563,45,49,50,44,45,53,44,49,51
564,45,49,50,44,45,53,44,49,51
565,45,49,50,44,45,53,44,49,51
566,45,49,50,44,45,53,44,49,51
567,45,49,50,44,45,53,44,49,51
568,45,49,50,44,45,53,44,49,51
569,45,49,50,44,45,53,44,49,51
570,45,49,50,44,45,53,44,49,51
571,45,49,50,44,45,53,44,49,51
572,45,49,50,44,45,53,44,49,51
573,45,49,49,44,45,53,44,49,51
574,45,49,49,44,45,53,44,49,51
575,45,49,49,44,45,52,44,49,51
576,45,49,49,44,45,52,44,49,51
577,45,49,49,44,45,52,44,49,51
578,45,49,49,44,45,52,44,49,51
579,45,49,49,44,45,52,44,49,51
580,45,49,49,44,45,52,44,49,51
581,45,49,49,44,45,52,44,49,51
582,45,49,49,44,45,52,44,49,51
583,45,49,49,44,45,52,44,49,51
584,45,49,49,44,45,52,44,49,51
585,45,49,49,44,45,52,44,49,52
586,45,49,49,44,45,52,44,49,52
587,45,49,49,44,45,52,44,49,52
588,45,49,49,44,45,52,44,49,52
589,45,49,49,44,45,52,44,49,52
590,45,49,49,44,45,52,44,49,53
591,45,49,49,44,45,52,44,49,53
592,45,49,49,44,45,52,44,49,53
593,45,49,49,44,45,52,44,49,53
594,45,49,49,44,45,52,44,49,53
595,45,49,49,44,45,52,44,49,53
596,45,49,49,44,45,52,44,49,53
597,45,49,49,44,45,52,44,49,53
598,45,49,49,44,45,52,44,49,53
599,45,49,49,44,45,52,44,49,53
600,45,49,49,44,45,52,44,49,52
601,45,49,49,44,45,52,44,49,52
602,45,49,49,44,45,52,44,49,52
603,45,49,48,44,45,52,44,49,52
604,45,49,48,44,45,52,44,49,52
605,45,49,48,44,45,52,44,49,52
606,45,49,48,44,45,52,44,49,52
607,45,49,48,44,45,52,44,49,51
608,45,49,48,44,45,52,44,49,51
609,45,49,48,44,45,52,44,49,52
610,45,49,48,44,45,52,44,49,52
611,45,49,48,44,45,52,44,49,52
612,45,49,48,44,45,52,44,49,52
613,45,57,44,45,52,44,49,52,44
614,45,57,44,45,52,44,49,52,44
615,45,49,56,44,49,44,49,50,44
616,45,49,56,44,49,44,49,50,44
617,45,49,56,44,49,44,49,50,44
618,45,49,56,44,50,44,49,50,44
619,45,49,56,44,50,44,49,50,44
620,45,49,56,44,50,44,49,50,44
621,45,49,56,44,50,44,49,51,44
622,45,49,56,44,50,44,49,51,44
623,45,49,56,44,50,44,49,51,44
624,45,49,56,44,50,44,49,51,44
625,45,49,56,44,51,44,49,51,44
626,45,49,56,44,51,44,49,51,44
627,45,49,56,44,51,44,49,51,44
628,45,49,56,44,51,44,49,51,44
629,45,49,56,44,51,44,49,51,44
630,45,49,56,44,51,44,49,51,44
631,45,49,56,44,52,44,49,51,44
632,45,49,56,44,52,44,49,51,44
633,45,49,56,44,52,44,49,51,44
634,45,49,56,44,52,44,49,51,44
635,45,49,56,44,53,44,49,51,44
636,45,49,56,44,53,44,49,51,44
637,45,49,56,44,53,44,49,51,44
638,45,49,56,44,53,44,49,51,44
639,45,49,56,44,53,44,49,51,44
640,45,49,56,44,53,44,49,50,44
641,45,49,56,44,54,44,49,50,44
642,45,49,56,44,54,44,49,50,44
643,45,49,56,44,54,44,49,50,44
644,45,49,56,44,54,44,49,50,44
645,45,49,56,44,54,44,49,50,44
646,45,49,56,44,54,44,49,50,44
647,45,49,56,44,55,44,49,50,44
648,45,49,56,44,55,44,49,50,44
649,45,49,56,44,55,44,49,50,44
650,45,49,56,44,55,44,49,50,44
651,45,49,56,44,55,44,49,51,44
652,45,49,56,44,55,44,49,51,44
653,45,49,56,44,56,44,49,51,44
654,45,49,56,44,56,44,49,51,44
655,45,49,56,44,56,44,49,51,44
656,45,49,56,44,56,44,49,51,44
657,45,49,56,44,56,44,49,51,44
658,45,49,56,44,56,44,49,51,44
659,45,49,56,44,57,44,49,51,44
660,45,49,56,44,57,44,49,51,44
661,45,49,56,44,57,44,49,51,44
662,45,49,56,44,57,44,49,51,44
663,45,49,56,44,57,44,49,51,44
664,45,49,56,44,57,44,49,51,44
665,45,49,56,44,57,44,49,51,44
666,45,49,56,44,57,44,49,51,44
667,45,49,56,44,57,44,49,51,44
668,45,49,56,44,49,48,44,49,51
669,45,49,56,44,49,48,44,49,51
670,45,49,56,44,49,48,44,49,50
671,45,49,56,44,49,48,44,49,50
672,45,49,56,44,49,48,44,49,50
673,45,49,56,44,49,48,44,49,50
674,45,49,56,44,49,48,44,49,50
675,45,49,56,44,49,48,44,49,50
676,45,49,56,44,49,48,44,49,50
677,45,49,56,44,49,48,44,49,50
678,45,49,56,44,49,48,44,49,50
679,45,49,56,44,49,48,44,49,50
680,45,49,56,44,49,48,44,49,51
681,45,49,56,44,49,48,44,49,51
682,45,49,56,44,49,48,44,49,51
683,45,49,56,44,49,48,44,49,51
684,45,49,56,44,49,48,44,49,51
685,45,49,56,44,49,48,44,49,51
686,45,49,56,44,49,48,44,49,51
687,45,49,56,44,49,48,44,49,51
688,45,49,56,44,49,48,44,49,51
689,45,49,56,44,49,48,44,49,51
690,45,49,56,44,49,48,44,49,51
691,45,49,56,44,49,48,44,49,51
692,45,49,56,44,49,48,44,49,51
693,45,49,56,44,49,48,44,49,51
694,45,49,56,44,49,49,44,49,51
695,45,49,56,44,49,49,44,49,51
696,45,49,56,44,49,49,44,49,51
697,45,49,56,44,49,49,44,49,51
698,45,49,56,44,49,49,44,49,51
699,45,49,56,44,49,49,44,49,51
700,45,49,56,44,49,49,44,49,50
701,45,49,56,44,49,49,44,49,50
702,45,49,56,44,49,49,44,49,50
703,45,49,56,44,49,50,44,49,50
704,45,49,56,44,49,50,44,49,50
705,45,49,56,44,49,50,44,49,50
706,45,49,56,44,49,50,44,49,50
707,45,49,56,44,49,50,44,49,50
708,45,49,56,44,49,51,44,49,50
709,45,49,56,44,49,51,44,49,50
710,45,49,56,44,45,49,44,49,50
711,45,49,56,44,45,49,44,49,50
712,45,49,56,44,45,49,44,49,50
713,45,49,56,44,45,49,44,49,50
714,45,49,56,44,45,49,44,49,50
715,45,49,55,44,45,49,44,49,50
716,45,49,55,44,45,49,44,49,50
717,45,49,55,44,45,49,44,49,50
718,45,49,54,44,45,49,44,49,50
719,45,49,53,44,45,49,44,49,50
720,45,49,53,44,45,49,44,49,50
721,45,49,52,44,45,49,44,49,50
722,45,49,51,44,45,49,44,49,50
723,45,49,51,44,45,49,44,49,50
724,45,49,51,44,45,49,44,49,50
725,45,49,51,44,45,49,44,49,50
726,45,49,51,44,45,49,44,49,50
727,45,49,51,44,45,49,44,49,51
728,45,49,51,44,45,49,44,49,51
729,45,49,50,44,45,49,44,49,51
730,45,49,50,44,45,49,44,49,51
731,45,49,50,44,45,49,44,49,51
732,45,49,50,44,45,49,44,49,51
733,45,49,50,44,45,49,44,49,51
734,45,49,50,44,45,49,44,49,51
735,45,49,50,44,45,50,44,49,51
736,45,49,49,44,45,50,44,49,51
737,45,49,49,44,45,50,44,49,51
738,45,49,49,44,45,50,44,49,51
739,45,49,49,44,45,50,44,49,51
740,45,49,49,44,45,50,44,49,51
741,45,49,48,44,45,50,44,49,51
742,45,49,48,44,45,50,44,49,51
743,45,49,48,44,45,50,44,49,51
744,45,49,48,44,45,50,44,49,51
745,45,49,48,44,45,50,44,49,51
746,45,57,44,45,50,44,49,51,44
747,45,57,44,45,51,44,49,51,44
748,45,57,44,45,51,44,49,51,44
749,45,57,44,45,51,44,49,51,44
750,45,57,44,45,51,44,49,51,44
751,45,57,44,45,51,44,49,50,44
752,45,57,44,45,51,44,49,50,44
753,45,57,44,45,51,44,49,50,44
754,45,57,44,45,51,44,49,50,44
755,45,57,44,45,51,44,49,50,44
756,45,56,44,45,51,44,49,50,44
757,45,56,44,45,51,44,49,50,44
758,45,56,44,45,52,44,49,50,44
759,45,56,44,45,52,44,49,50,44
760,45,56,44,45,52,44,49,50,44
761,45,56,44,45,52,44,49,50,44
762,45,56,44,45,52,44,49,50,44
763,45,56,44,45,52,44,49,51,44
764,45,56,44,45,52,44,49,51,44
765,45,56,44,45,52,44,49,51,44
766,45,56,44,45,52,44,49,51,44
767,45,55,44,45,52,44,49,51,44
768,45,55,44,45,52,44,49,51,44
769,45,55,44,45,52,44,49,51,44
770,45,55,44,45,52,44,49,51,44
771,45,55,44,45,52,44,49,51,44
772,45,55,44,45,52,44,49,51,44
773,45,54,44,45,52,44,49,51,44
774,45,54,44,45,52,44,49,51,44
775,45,54,44,45,52,44,49,51,44
776,45,54,44,45,52,44,49,51,44
777,45,54,44,45,52,44,49,51,44
778,45,54,44,45,52,44,49,51,44
779,45,54,44,45,52,44,49,51,44
780,45,53,44,45,52,44,49,51,44
781,45,53,44,45,52,44,49,51,44
782,45,53,44,45,52,44,49,51,44
783,45,53,44,45,52,44,49,51,44
784,45,53,44,45,52,44,49,51,44
785,45,53,44,45,52,44,49,50,44
786,45,53,44,45,52,44,49,50,44
787,45,52,44,45,52,44,49,50,44
788,45,52,44,45,52,44,49,50,44
789,45,52,44,45,52,44,49,50,44
790,45,52,44,45,52,44,49,50,44
791,45,52,44,45,52,44,49,50,44
792,45,52,44,45,52,44,49,50,44
793,45,52,44,45,52,44,49,50,44
794,45,51,44,45,52,44,49,50,44
795,45,51,44,45,52,44,49,50,44
796,45,51,44,45,52,44,49,50,44
797,45,51,44,45,52,44,49,51,44
798,45,51,44,45,52,44,49,51,44
799,45,51,44,45,52,44,49,51,44
800,45,49,56,44,50,54,44,49,50
801,45,49,56,44,50,54,44,49,50
802,45,49,56,44,50,54,44,49,50
803,45,49,56,44,50,54,44,49,50
804,45,49,56,44,50,54,44,49,50
805,45,49,56,44,50,54,44,49,50
806,45,49,56,44,50,54,44,49,50
807,45,49,56,44,50,54,44,49,51
808,45,49,56,44,50,54,44,49,51
809,45,49,56,44,50,54,44,49,51
810,45,49,56,44,50,55,44,49,51
811,45,49,56,44,50,55,44,49,51
812,45,49,56,44,50,55,44,49,51
813,45,49,56,44,50,55,44,49,51
814,45,49,55,44,50,55,44,49,51
815,45,49,55,44,50,55,44,49,51
816,45,49,55,44,50,55,44,49,51
817,45,49,55,44,50,55,44,49,52
818,45,49,55,44,50,55,44,49,52
819,45,49,55,44,50,55,44,49,52
820,45,49,55,44,50,55,44,49,52
821,45,49,55,44,50,55,44,49,52
822,45,49,55,44,50,55,44,49,51
823,45,49,54,44,50,55,44,49,51
824,45,49,54,44,50,55,44,49,51
825,45,49,54,44,50,55,44,49,51
826,45,49,54,44,50,55,44,49,51
827,45,49,54,44,50,55,44,49,51
828,45,49,54,44,50,55,44,49,51
829,45,49,54,44,50,55,44,49,50
830,45,49,54,44,50,55,44,49,50
831,45,49,54,44,50,55,44,49,50
832,45,49,54,44,50,55,44,49,50
833,45,49,54,44,50,55,44,49,50
834,45,49,53,44,50,55,44,49,50
835,45,49,53,44,50,55,44,49,50
836,45,49,53,44,50,55,44,49,50
837,45,49,53,44,50,55,44,49,50
838,45,49,53,44,50,55,44,49,50
839,45,49,53,44,50,55,44,49,51
840,45,49,53,44,50,55,44,49,51
841,45,49,53,44,50,55,44,49,51
842,45,49,53,44,50,55,44,49,51
843,45,49,53,44,50,55,44,49,51
844,45,49,53,44,50,55,44,49,51
845,45,49,53,44,50,55,44,49,51
846,45,49,53,44,50,55,44,49,51
847,45,49,52,44,50,55,44,49,51
848,45,49,52,44,50,55,44,49,51
849,45,49,52,44,50,56,44,49,51
850,45,49,52,44,50,56,44,49,51
851,45,49,52,44,50,56,44,49,51
852,45,49,52,44,50,56,44,49,51
853,45,49,52,44,50,56,44,49,51
854,45,49,52,44,50,56,44,49,51
855,45,49,52,44,50,56,44,49,51
856,45,49,51,44,50,56,44,49,51
857,45,49,51,44,50,56,44,49,51
858,45,49,51,44,50,56,44,49,50
859,45,49,51,44,50,57,44,49,50
860,45,49,51,44,50,57,44,49,50
861,45,49,51,44,50,57,44,49,50
862,45,49,51,44,50,57,44,49,50
863,45,49,51,44,50,57,44,49,50
864,45,49,51,44,50,57,44,49,50
865,45,49,51,44,50,57,44,49,50
866,45,49,51,44,50,57,44,49,50
867,45,49,51,44,50,57,44,49,50
868,45,49,51,44,50,57,44,49,50
869,45,49,51,44,51,48,44,49,51
870,45,49,51,44,51,48,44,49,51
871,45,49,50,44,51,48,44,49,51
872,45,49,50,44,51,48,44,49,51
873,45,49,50,44,51,48,44,49,51
874,45,49,50,44,51,48,44,49,51
875,45,49,50,44,51,48,44,49,51
876,45,49,50,44,51,48,44,49,51
877,45,49,50,44,51,48,44,49,51
878,45,49,50,44,51,49,44,49,51
879,45,49,50,44,51,49,44,49,51
880,45,49,50,44,51,49,44,49,51
881,45,49,50,44,51,49,44,49,51
882,45,49,50,44,51,49,44,49,51
883,45,49,50,44,51,49,44,49,51
884,45,49,50,44,51,50,44,49,51
885,45,49,50,44,51,50,44,49,51
886,45,49,50,44,51,50,44,49,51
887,45,49,50,44,51,50,44,49,51
888,45,49,50,44,51,50,44,49,50
889,45,49,50,44,51,51,44,49,50
890,45,49,50,44,51,51,44,49,50
891,45,49,50,44,51,51,44,49,50
892,45,49,50,44,51,51,44,49,50
893,45,49,50,44,51,51,44,49,50
894,45,49,50,44,51,51,44,49,50
895,45,49,50,44,51,51,44,49,50
896,45,49,50,44,51,51,44,49,50
897,45,49,50,44,51,51,44,49,50
898,45,49,50,44,51,51,44,49,50
899,45,49,51,44,51,51,44,49,50
900,45,49,51,44,51,51,44,49,50
901,45,49,51,44,51,51,44,49,50
902,45,49,51,44,51,51,44,49,50
903,45,49,56,44,48,44,49,53,44
904,45,49,56,44,48,44,49,53,44
905,45,49,55,44,48,44,49,53,44
906,45,49,55,44,48,44,49,54,44
907,45,49,55,44,48,44,49,54,44
908,45,49,55,44,48,44,49,54,44
909,45,49,55,44,48,44,49,54,44
910,45,49,55,44,45,49,44,49,54
911,45,49,55,44,45,49,44,49,54
912,45,49,55,44,45,49,44,49,54
913,45,49,55,44,45,49,44,49,55
914,45,49,54,44,45,49,44,49,55
915,45,49,54,44,45,49,44,49,55
916,45,49,54,44,45,49,44,49,55
917,45,49,54,44,45,49,44,49,55
918,45,49,54,44,45,49,44,49,55
919,45,49,53,44,45,49,44,49,55
920,45,49,53,44,45,50,44,49,55
921,45,49,53,44,45,50,44,49,55
922,45,49,53,44,45,50,44,49,54
923,45,49,53,44,45,50,44,49,54
924,45,49,52,44,45,50,44,49,54
925,45,49,52,44,45,50,44,49,54
926,45,49,52,44,45,50,44,49,54
927,45,49,52,44,45,50,44,49,54
928,45,49,52,44,45,50,44,49,53
929,45,49,52,44,45,50,44,49,53
930,45,49,51,44,45,50,44,49,53
931,45,49,51,44,45,51,44,49,53
932,45,49,51,44,45,51,44,49,52
933,45,49,51,44,45,51,44,49,52
934,45,49,51,44,45,51,44,49,52
935,45,49,51,44,45,51,44,49,52
936,45,49,51,44,45,51,44,49,52
937,45,49,50,44,45,51,44,49,52
938,45,49,50,44,45,51,44,49,51
939,45,49,50,44,45,51,44,49,51
940,45,49,50,44,45,51,44,49,51
941,45,49,50,44,45,51,44,49,50
942,45,49,50,44,45,51,44,49,50
943,45,49,49,44,45,51,44,49,50
944,45,49,49,44,45,51,44,49,50
945,45,49,49,44,45,51,44,49,50
946,45,49,49,44,45,51,44,49,50
947,45,49,49,44,45,51,44,49,50
948,45,49,49,44,45,51,44,49,51
949,45,49,49,44,45,51,44,49,51
950,45,49,48,44,45,51,44,49,51
951,45,49,48,44,45,51,44,49,51
952,45,49,48,44,45,51,44,49,51
953,45,49,48,44,45,51,44,49,51
954,45,49,48,44,45,52,44,49,51
955,45,49,48,44,45,52,44,49,51
956,45,57,44,45,52,44,49,51,44
957,45,57,44,45,52,44,49,51,44
958,45,57,44,45,52,44,49,51,44
959,45,56,44,45,52,44,49,51,44
960,45,56,44,45,52,44,49,51,44
961,45,56,44,45,52,44,49,51,44
962,45,56,44,45,52,44,49,51,44
963,45,56,44,45,52,44,49,51,44
964,45,55,44,45,52,44,49,51,44
965,45,55,44,45,52,44,49,51,44
966,45,55,44,45,52,44,49,50,44
967,45,55,44,45,52,44,49,50,44
968,45,55,44,45,52,44,49,50,44
969,45,55,44,45,52,44,49,50,44
970,45,55,44,45,52,44,49,50,44
971,45,54,44,45,52,44,49,50,44
972,45,54,44,45,52,44,49,50,44
973,45,53,44,45,52,44,49,50,44
974,45,53,44,45,52,44,49,50,44
975,45,52,44,45,52,44,49,50,44
976,45,51,44,45,52,44,49,50,44
977,45,50,44,45,52,44,49,50,44
978,45,50,44,45,52,44,49,50,44
979,45,49,44,45,52,44,49,50,44
980,45,49,44,45,52,44,49,50,44
981,45,49,54,44,45,50,44,49,53
982,45,49,54,44,45,50,44,49,53
983,45,49,54,44,45,50,44,49,53
984,45,49,54,44,45,50,44,49,54
985,45,49,54,44,45,50,44,49,54
986,45,49,54,44,45,50,44,49,54
987,45,49,54,44,45,50,44,49,54
988,45,49,54,44,45,50,44,49,54
989,45,49,54,44,45,50,44,49,54
990,45,49,54,44,45,50,44,49,54
991,45,49,54,44,45,50,44,49,54
992,45,49,54,44,45,51,44,49,54
993,45,49,54,44,45,51,44,49,55
994,45,49,54,44,45,51,44,49,55
995,45,49,54,44,45,51,44,49,55
996,45,49,54,44,45,51,44,49,55
997,45,49,54,44,45,51,44,49,55
998,45,49,54,44,45,51,44,49,55
999,45,49,54,44,45,51,44,49,54
1000,45,49,54,44,45,51,44,49,54
1001,45,49,54,44,45,51,44,49,54
1002,45,49,54,44,45,51,44,49,54
1003,45,49,54,44,45,51,44,49,54
1004,45,49,54,44,45,51,44,49,54
1005,45,49,53,44,45,51,44,49,54
1006,45,49,53,44,45,51,44,49,53
1007,45,49,53,44,45,51,44,49,53
1008,45,49,53,44,45,51,44,49,53
1009,45,49,53,44,45,51,44,49,53
1010,45,49,53,44,45,51,44,49,52
1011,45,49,53,44,45,51,44,49,52
1012,45,49,53,44,45,51,44,49,52
1013,45,49,53,44,45,51,44,49,52
1014,45,49,53,44,45,51,44,49,52
1015,45,49,53,44,45,51,44,49,51
1016,45,49,53,44,45,51,44,49,51
1017,45,49,53,44,45,51,44,49,51
1018,45,49,53,44,45,51,44,49,50
1019,45,49,53,44,45,51,44,49,50
1020,45,49,53,44,45,51,44,49,50
1021,45,49,53,44,45,51,44,49,50
1022,45,49,53,44,45,51,44,49,50
1023,45,49,53,44,45,51,44,49,50
1024,45,49,53,44,45,51,44,49,50
1025,45,49,53,44,45,51,44,49,50
1026,45,49,53,44,45,50,44,49,51
1027,45,49,53,44,45,50,44,49,51
1028,45,49,53,44,45,50,44,49,51
1029,45,49,53,44,45,50,44,49,51
1030,45,49,53,44,45,50,44,49,51
1031,45,49,53,44,45,50,44,49,51
1032,45,49,53,44,45,50,44,49,51
1033,45,49,54,44,45,50,44,49,51
1034,45,49,54,44,45,50,44,49,51
1035,45,49,54,44,45,50,44,49,51
1036,45,49,54,44,45,50,44,49,51
1037,45,49,54,44,45,50,44,49,51
1038,45,49,54,44,45,50,44,49,51
1039,45,49,54,44,45,50,44,49,51
1040,45,49,54,44,45,50,44,49,51
1041,45,49,55,44,45,50,44,49,51
1042,45,49,55,44,45,50,44,49,51
1043,45,49,55,44,45,50,44,49,50
1044,45,49,55,44,45,50,44,49,50
1045,45,49,55,44,45,50,44,49,50
1046,45,49,55,44,45,50,44,49,50
1047,45,49,55,44,45,50,44,49,50
1048,45,49,55,44,45,50,44,49,50
1049,45,49,55,44,45,50,44,49,50
1050,45,49,56,44,45,50,44,49,50
1051,45,49,56,44,45,49,44,49,50
1052,45,49,56,44,45,49,44,49,50
1053,45,49,56,44,45,49,44,49,50
1054,45,49,56,44,45,49,44,49,50
1055,45,49,56,44,45,49,44,49,50
1056,45,49,56,44,45,49,44,49,50
1057,45,49,56,44,45,49,44,49,50
1058,45,49,51,44,45,51,44,49,52
1059,45,49,50,44,45,51,44,49,52
1060,45,49,50,44,45,51,44,49,51
1061,45,49,50,44,45,51,44,49,51
1062,45,49,50,44,45,51,44,49,51
1063,45,49,50,44,45,51,44,49,51
1064,45,49,50,44,45,51,44,49,50
1065,45,49,50,44,45,51,44,49,50
1066,45,49,50,44,45,51,44,49,50
1067,45,49,50,44,45,51,44,49,50
1068,45,49,50,44,45,51,44,49,50
1069,45,49,49,44,45,51,44,49,50
1070,45,49,49,44,45,51,44,49,50
1071,45,49,49,44,45,51,44,49,50
1072,45,49,49,44,45,52,44,49,50
1073,45,49,49,44,45,52,44,49,50
1074,45,49,49,44,45,52,44,49,50
1075,45,49,49,44,45,52,44,49,50
1076,45,49,49,44,45,52,44,49,50
1077,45,49,49,44,45,52,44,49,50
1078,45,49,49,44,45,52,44,49,50
1079,45,49,49,44,45,52,44,49,50
1080,45,49,49,44,45,52,44,49,50
1081,45,49,49,44,45,52,44,49,50
1082,45,49,49,44,45,52,44,49,50
1083,45,49,49,44,45,52,44,49,50
1084,45,49,49,44,45,52,44,49,51
1085,45,49,49,44,45,52,44,49,51
1086,45,49,49,44,45,52,44,49,51
1087,45,49,49,44,45,52,44,49,51
1088,45,49,49,44,45,52,44,49,51
1089,45,49,49,44,45,52,44,49,51
1090,45,49,49,44,45,52,44,49,51
1091,45,49,49,44,45,52,44,49,51
1092,45,49,49,44,45,52,44,49,51
1093,45,49,49,44,45,52,44,49,51
1094,45,49,49,44,45,52,44,49,51
1095,45,49,49,44,45,52,44,49,52
1096,45,49,49,44,45,52,44,49,52
1097,45,49,49,44,45,52,44,49,52
1098,45,49,49,44,45,53,44,49,52
1099,45,49,49,44,45,53,44,49,52
1100,45,49,49,44,45,53,44,49,52
1101,45,49,49,44,45,53,44,49,53
1102,45,49,49,44,45,53,44,49,53
1103,45,49,49,44,45,53,44,49,53
1104,45,49,49,44,45,53,44,49,53
1105,45,49,49,44,45,53,44,49,53
1106,45,49,49,44,45,54,44,49,53
1107,45,49,49,44,45,54,44,49,53
1108,45,49,49,44,45,54,44,49,53
1109,45,49,49,44,45,54,44,49,53
1110,45,49,49,44,45,54,44,49,53
1111,45,49,49,44,45,54,44,49,53
1112,45,49,49,44,45,55,44,49,53
1113,45,49,49,44,45,55,44,49,53
1114,45,49,49,44,45,55,44,49,52
1115,45,49,49,44,45,55,44,49,52
1116,45,49,49,44,45,55,44,49,52
1117,45,49,49,44,45,55,44,49,52
1118,45,49,49,44,45,55,44,49,52
1119,45,49,49,44,45,55,44,49,51
1120,45,49,49,44,45,56,44,49,51
1121,45,49,49,44,45,56,44,49,51
1122,45,49,50,44,45,56,44,49,51
1123,45,49,50,44,45,56,44,49,51
1124,45,49,50,44,45,56,44,49,51
1125,45,49,50,44,45,56,44,49,51
1126,45,49,50,44,45,56,44,49,51
1127,45,49,50,44,45,56,44,49,51
1128,45,49,50,44,45,56,44,49,51
1129,45,49,50,44,45,56,44,49,51
1130,45,49,51,44,45,56,44,49,51
1131,45,49,51,44,45,56,44,49,51
1132,45,49,52,44,45,56,44,49,51
1133,45,49,52,44,45,56,44,49,51
1134,45,49,52,44,45,56,44,49,51
1135,45,49,52,44,45,56,44,49,51
1136,45,49,48,44,51,44,49,51,44
1137,45,49,48,44,51,44,49,51,44
1138,45,49,48,44,51,44,49,51,44
1139,45,49,48,44,51,44,49,51,44
1140,45,57,44,51,44,49,51,44,51
1141,45,57,44,51,44,49,51,44,51
1142,45,57,44,51,44,49,51,44,51
1143,45,57,44,51,44,49,51,44,51
1144,45,57,44,52,44,49,51,44,51
1145,45,57,44,52,44,49,51,44,50
1146,45,57,44,52,44,49,51,44,50
1147,45,57,44,52,44,49,51,44,50
1148,45,56,44,52,44,49,51,44,50
1149,45,56,44,52,44,49,50,44,50
1150,45,56,44,52,44,49,50,44,49
1151,45,56,44,53,44,49,50,44,49
1152,45,56,44,53,44,49,50,44,49
1153,45,56,44,53,44,49,50,44,49
1154,45,56,44,53,44,49,50,44,49
1155,45,56,44,53,44,49,50,44,49
1156,45,56,44,53,44,49,50,44,48
1157,45,56,44,53,44,49,50,44,48
1158,45,56,44,53,44,49,50,44,45
1159,45,56,44,53,44,49,50,44,45
1160,45,56,44,53,44,49,50,44,45
1161,45,57,44,53,44,49,50,44,45
1162,45,57,44,53,44,49,50,44,45
1163,45,57,44,53,44,49,50,44,45
1164,45,57,44,53,44,49,50,44,45
1165,45,57,44,53,44,49,50,44,45
1166,45,49,48,44,53,44,49,50,44
1167,45,49,48,44,53,44,49,50,44
1168,45,49,48,44,53,44,49,50,44
1169,45,49,48,44,53,44,49,50,44
1170,45,49,48,44,53,44,49,50,44
1171,45,49,48,44,53,44,49,50,44
1172,45,49,48,44,53,44,49,50,44
1173,45,49,48,44,53,44,49,50,44
1174,45,49,48,44,53,44,49,50,44
1175,45,49,48,44,53,44,49,50,44
1176,45,49,48,44,53,44,49,50,44
1177,45,49,48,44,53,44,49,50,44
1178,45,49,48,44,53,44,49,50,44
1179,45,49,48,44,52,44,49,50,44
1180,45,49,48,44,52,44,49,50,44
1181,45,49,48,44,51,44,49,50,44
1182,45,49,49,44,51,44,49,50,44
1183,45,49,49,44,51,44,49,50,44
1184,45,49,49,44,50,44,49,50,44
1185,45,49,49,44,49,44,49,50,44
1186,45,49,49,44,49,44,49,50,44
1187,45,49,49,44,48,44,49,50,44
1188,45,49,49,44,48,44,49,50,44
1189,45,49,49,44,48,44,49,50,44
1190,45,49,49,44,48,44,49,50,44
1191,45,49,49,44,48,44,49,50,44
1192,45,49,49,44,48,44,49,50,44
1193,45,49,49,44,48,44,49,50,44
1194,45,49,49,44,48,44,49,50,44
1195,45,49,49,44,48,44,49,50,44
1196,45,49,49,44,48,44,49,50,44
1197,45,49,49,44,48,44,49,50,44
1198,45,49,49,44,48,44,49,50,44
1199,45,49,50,44,48,44,49,50,44
1200,45,49,50,44,48,44,49,50,44
1201,45,49,51,44,48,44,49,50,44
1202,45,49,51,44,48,44,49,50,44
1203,45,49,52,44,48,44,49,50,44
1204,45,49,53,44,48,44,49,50,44
1205,45,49,53,44,48,44,49,50,44
1206,45,49,54,44,48,44,49,50,44
1207,45,49,54,44,48,44,49,50,44
1208,45,57,44,52,44,49,51,44,50
1209,45,57,44,52,44,49,51,44,50
1210,45,57,44,52,44,49,51,44,50
1211,45,57,44,52,44,49,51,44,50
1212,45,56,44,52,44,49,51,44,50
1213,45,56,44,52,44,49,51,44,50
1214,45,56,44,53,44,49,50,44,50
1215,45,56,44,53,44,49,50,44,50
1216,45,56,44,53,44,49,50,44,49
1217,45,56,44,54,44,49,50,44,48
1218,45,56,44,56,44,49,50,44,48
1219,45,56,44,57,44,49,50,44,48
1220,45,56,44,57,44,49,50,44,48
1221,45,56,44,57,44,49,50,44,48
1222,45,56,44,49,48,44,49,50,44
1223,45,56,44,49,48,44,49,50,44
1224,45,56,44,49,48,44,49,51,44
1225,45,56,44,49,48,44,49,51,44
1226,45,56,44,49,48,44,49,51,44
1227,45,56,44,49,49,44,49,51,44
1228,45,56,44,49,49,44,49,51,44
1229,45,56,44,49,49,44,49,51,44
1230,45,56,44,49,49,44,49,51,44
1231,45,56,44,49,50,44,49,51,44
1232,45,56,44,49,50,44,49,51,44
1233,45,56,44,49,50,44,49,51,44
1234,45,56,44,49,50,44,49,51,44
1235,45,56,44,49,51,44,49,51,44
1236,45,56,44,49,51,44,49,51,44
1237,45,56,44,49,51,44,49,51,44
1238,45,56,44,49,51,44,49,51,44
1239,45,56,44,49,52,44,49,51,44
1240,45,56,44,49,52,44,49,50,44
1241,45,56,44,49,52,44,49,50,44
1242,45,56,44,49,52,44,49,50,44
1243,45,56,44,49,52,44,49,50,44
1244,45,56,44,49,53,44,49,50,44
1245,45,56,44,49,53,44,49,50,44
1246,45,56,44,49,53,44,49,50,44
1247,45,56,44,49,53,44,49,50,44
1248,45,56,44,49,53,44,49,50,44
1249,45,56,44,49,53,44,49,51,44
1250,45,56,44,49,53,44,49,51,44
1251,45,56,44,49,54,44,49,51,44
1252,45,56,44,49,54,44,49,51,44
1253,45,56,44,49,54,44,49,51,44
1254,45,56,44,49,54,44,49,51,44
1255,45,56,44,49,55,44,49,51,44
1256,45,56,44,49,55,44,49,51,44
1257,45,56,44,49,55,44,49,51,44
1258,45,55,44,49,55,44,49,51,44
1259,45,55,44,49,56,44,49,51,44
1260,45,55,44,49,56,44,49,51,44
1261,45,55,44,49,56,44,49,51,44
1262,45,55,44,49,56,44,49,51,44
1263,45,55,44,49,56,44,49,51,44
1264,45,55,44,49,56,44,49,51,44
1265,45,55,44,49,57,44,49,51,44
1266,45,55,44,49,57,44,49,51,44
1267,45,55,44,49,57,44,49,50,44
1268,45,55,44,49,57,44,49,50,44
1269,45,55,44,49,57,44,49,50,44
1270,45,54,44,49,57,44,49,50,44
1271,45,54,44,49,57,44,49,50,44
1272,45,54,44,49,57,44,49,50,44
1273,45,54,44,50,48,44,49,50,44
1274,45,54,44,50,48,44,49,50,44
1275,45,54,44,50,48,44,49,50,44
1276,45,54,44,50,48,44,49,50,44
1277,45,54,44,50,48,44,49,51,44
1278,45,54,44,50,48,44,49,51,44
1279,45,53,44,50,48,44,49,51,44
1280,45,53,44,50,49,44,49,51,44
1281,45,53,44,50,49,44,49,51,44
1282,45,56,44,52,44,49,50,44,50
1283,45,56,44,53,44,49,50,44,50
1284,45,56,44,53,44,49,50,44,50
1285,45,56,44,53,44,49,50,44,50
1286,45,56,44,53,44,49,50,44,50
1287,45,56,44,53,44,49,50,44,49
1288,45,56,44,53,44,49,50,44,49
1289,45,56,44,53,44,49,50,44,49
1290,45,56,44,54,44,49,50,44,49
1291,45,56,44,54,44,49,50,44,49
1292,45,56,44,54,44,49,50,44,48
1293,45,56,44,54,44,49,51,44,48
1294,45,56,44,54,44,49,51,44,48
1295,45,56,44,54,44,49,51,44,48
1296,45,56,44,55,44,49,51,44,48
1297,45,56,44,55,44,49,51,44,48
1298,45,56,44,55,44,49,51,44,48
1299,45,56,44,55,44,49,51,44,48
1300,45,56,44,55,44,49,51,44,45
1301,45,56,44,55,44,49,51,44,45
1302,45,56,44,56,44,49,51,44,45
1303,45,56,44,56,44,49,51,44,45
1304,45,56,44,56,44,49,51,44,45
1305,45,56,44,56,44,49,51,44,45
1306,45,56,44,56,44,49,51,44,45
1307,45,56,44,56,44,49,51,44,45
1308,45,56,44,57,44,49,50,44,45
1309,45,57,44,57,44,49,50,44,45
1310,45,57,44,57,44,49,50,44,45
1311,45,57,44,57,44,49,50,44,45
1312,45,57,44,57,44,49,50,44,45
1313,45,57,44,57,44,49,50,44,45
1314,45,57,44,57,44,49,50,44,45
1315,45,57,44,57,44,49,50,44,45
1316,45,57,44,49,48,44,49,50,44
1317,45,57,44,49,48,44,49,50,44
1318,45,57,44,49,48,44,49,50,44
1319,45,57,44,49,48,44,49,51,44
1320,45,57,44,49,48,44,49,51,44
1321,45,57,44,49,48,44,49,51,44
1322,45,57,44,49,48,44,49,51,44
1323,45,57,44,49,48,44,49,51,44
1324,45,57,44,49,49,44,49,51,44
1325,45,57,44,49,49,44,49,51,44
1326,45,57,44,49,49,44,49,51,44
1327,45,57,44,49,49,44,49,51,44
1328,45,57,44,49,49,44,49,51,44
1329,45,57,44,49,50,44,49,51,44
1330,45,57,44,49,50,44,49,51,44
1331,45,57,44,49,50,44,49,51,44
1332,45,57,44,49,50,44,49,51,44
1333,45,57,44,49,50,44,49,51,44
1334,45,57,44,49,50,44,49,51,44
1335,45,57,44,49,51,44,49,50,44
1336,45,57,44,49,51,44,49,50,44
1337,45,57,44,49,51,44,49,50,44
1338,45,57,44,49,51,44,49,50,44
1339,45,57,44,49,51,44,49,50,44
1340,45,57,44,49,51,44,49,50,44
1341,45,57,44,49,51,44,49,50,44
1342,45,57,44,49,51,44,49,50,44
1343,45,57,44,49,52,44,49,50,44
1344,45,57,44,49,52,44,49,50,44
1345,45,56,44,49,52,44,49,51,44
1346,45,56,44,49,52,44,49,51,44
1347,45,56,44,49,52,44,49,51,44
1348,45,56,44,49,52,44,49,51,44
1349,45,56,44,49,52,44,49,51,44
1350,45,56,44,49,52,44,49,51,44
1351,45,56,44,49,52,44,49,51,44
1352,45,56,44,49,53,44,49,51,44
1353,45,56,44,49,53,44,49,51,44
1354,45,56,44,49,53,44,49,51,44
1355,45,56,44,49,53,44,49,51,44
1356,45,56,44,49,53,44,49,51,44
1357,45,56,44,49,53,44,49,51,44
1358,45,56,44,49,53,44,49,51,44
1359,45,56,44,49,54,44,49,51,44
1360,45,56,44,49,54,44,49,51,44
1361,45,56,44,49,54,44,49,51,44
1362,45,56,44,49,54,44,49,50,44
1363,45,56,44,49,55,44,49,50,44
1364,45,56,44,49,55,44,49,50,44
1365,45,56,44,49,55,44,49,50,44
1366,45,56,44,49,55,44,49,50,44
1367,45,56,44,49,55,44,49,50,44
1368,45,56,44,49,55,44,49,50,44
1369,45,56,44,49,55,44,49,50,44
1370,45,57,44,49,55,44,49,50,44
1371,45,57,44,49,55,44,49,50,44
1372,45,57,44,49,55,44,49,50,44
1373,45,56,44,57,44,49,50,44,45
1374,45,56,44,57,44,49,50,44,45
1375,45,56,44,49,48,44,49,50,44
1376,45,56,44,49,48,44,49,50,44
1377,45,56,44,49,49,44,49,50,44
1378,45,56,44,49,50,44,49,50,44
1379,45,56,44,49,50,44,49,50,44
1380,45,56,44,49,51,44,49,50,44
1381,45,56,44,49,51,44,49,50,44
1382,45,56,44,49,52,44,49,50,44
1383,45,56,44,49,53,44,49,50,44
1384,45,56,44,49,53,44,49,50,44
1385,45,56,44,49,54,44,49,51,44
1386,45,56,44,49,54,44,49,51,44
1387,45,56,44,49,54,44,49,51,44
1388,45,56,44,49,54,44,49,51,44
1389,45,56,44,49,54,44,49,51,44
1390,45,56,44,49,54,44,49,51,44
1391,45,56,44,49,54,44,49,51,44
1392,45,56,44,49,54,44,49,51,44
1393,45,56,44,49,55,44,49,51,44
1394,45,56,44,49,55,44,49,51,44
1395,45,56,44,49,55,44,49,51,44
1396,45,56,44,49,55,44,49,51,44
1397,45,56,44,49,55,44,49,51,44
1398,45,56,44,49,55,44,49,51,44
1399,45,56,44,49,55,44,49,51,44
1400,45,56,44,49,55,44,49,51,44
1401,45,56,44,49,56,44,49,51,44
1402,45,56,44,49,56,44,49,51,44
1403,45,56,44,49,56,44,49,50,44
1404,45,56,44,49,56,44,49,50,44
1405,45,56,44,49,56,44,49,50,44
1406,45,56,44,49,56,44,49,50,44
1407,45,56,44,49,56,44,49,50,44
1408,45,56,44,49,56,44,49,50,44
1409,45,56,44,49,56,44,49,50,44
1410,45,56,44,49,56,44,49,50,44
1411,45,56,44,49,56,44,49,50,44
1412,45,56,44,49,56,44,49,50,44
1413,45,56,44,49,56,44,49,51,44
1414,45,56,44,49,56,44,49,51,44
1415,45,56,44,49,56,44,49,51,44
1416,45,56,44,49,56,44,49,51,44
1417,45,56,44,49,56,44,49,51,44
1418,45,56,44,49,56,44,49,51,44
1419,45,56,44,49,56,44,49,51,44
1420,45,56,44,49,56,44,49,51,44
1421,45,56,44,49,56,44,49,51,44
1422,45,56,44,49,56,44,49,51,44
1423,45,56,44,49,56,44,49,51,44
1424,45,56,44,49,56,44,49,51,44
1425,45,57,44,49,56,44,49,51,44
1426,45,57,44,49,56,44,49,51,44
1427,45,57,44,49,56,44,49,51,44
1428,45,57,44,49,56,44,49,50,44
1429,45,57,44,49,56,44,49,50,44
1430,45,57,44,49,56,44,49,50,44
1431,45,57,44,49,56,44,49,50,44
1432,45,57,44,49,56,44,49,50,44
1433,45,49,48,44,49,56,44,49,50
1434,45,49,48,44,49,56,44,49,50
1435,45,49,48,44,49,56,44,49,50
1436,45,49,48,44,49,56,44,49,50
1437,45,49,48,44,49,56,44,49,51
1438,45,49,48,44,49,56,44,49,51
1439,45,49,49,44,49,56,44,49,51
1440,45,49,49,44,49,56,44,49,51
1441,45,57,44,45,51,44,49,51,44
1442,45,57,44,45,51,44,49,51,44
1443,45,57,44,45,51,44,49,52,44
1444,45,57,44,45,51,44,49,52,44
1445,45,57,44,45,51,44,49,52,44
1446,45,57,44,45,51,44,49,52,44
1447,45,57,44,45,51,44,49,52,44
1448,45,57,44,45,51,44,49,53,44
1449,45,56,44,45,51,44,49,53,44
1450,45,56,44,45,51,44,49,53,44
1451,45,56,44,45,51,44,49,53,44
1452,45,56,44,45,52,44,49,53,44
1453,45,56,44,45,52,44,49,53,44
1454,45,56,44,45,52,44,49,53,44
1455,45,56,44,45,52,44,49,53,44
1456,45,56,44,45,53,44,49,53,44
1457,45,56,44,45,53,44,49,53,44
1458,45,55,44,45,53,44,49,53,44
1459,45,55,44,45,53,44,49,53,44
1460,45,55,44,45,53,44,49,53,44
1461,45,55,44,45,53,44,49,53,44
1462,45,55,44,45,53,44,49,53,44
1463,45,55,44,45,54,44,49,53,44
1464,45,55,44,45,54,44,49,53,44
1465,45,55,44,45,54,44,49,52,44
1466,45,55,44,45,54,44,49,52,44
1467,45,55,44,45,54,44,49,52,44
1468,45,55,44,45,54,44,49,52,44
1469,45,55,44,45,54,44,49,52,44
1470,45,55,44,45,54,44,49,52,44
1471,45,54,44,45,54,44,49,51,44
1472,45,54,44,45,54,44,49,51,44
1473,45,54,44,45,54,44,49,51,44
1474,45,54,44,45,54,44,49,51,44
1475,45,54,44,45,54,44,49,50,44
1476,45,54,44,45,54,44,49,50,44
1477,45,54,44,45,54,44,49,50,44
1478,45,54,44,45,54,44,49,50,44
1479,45,54,44,45,54,44,49,50,44
1480,45,54,44,45,54,44,49,50,44
1481,45,54,44,45,54,44,49,50,44
1482,45,54,44,45,54,44,49,50,44
1483,45,54,44,45,54,44,49,51,44
1484,45,54,44,45,54,44,49,51,44
1485,45,54,44,45,54,44,49,51,44
1486,45,54,44,45,54,44,49,51,44
1487,45,54,44,45,54,44,49,51,44
1488,45,53,44,45,54,44,49,51,44
1489,45,53,44,45,54,44,49,51,44
1490,45,53,44,45,54,44,49,51,44
1491,45,53,44,45,54,44,49,51,44
1492,45,53,44,45,54,44,49,51,44
1493,45,53,44,45,54,44,49,51,44
1494,45,53,44,45,54,44,49,51,44
1495,45,52,44,45,54,44,49,51,44
1496,45,52,44,45,54,44,49,51,44
1497,45,52,44,45,54,44,49,51,44
1498,45,52,44,45,55,44,49,51,44
1499,45,52,44,45,55,44,49,51,44
1500,45,52,44,45,55,44,49,50,44
1501,45,51,44,45,55,44,49,50,44
1502,45,51,44,45,55,44,49,50,44
1503,45,51,44,45,55,44,49,50,44
1504,45,51,44,45,55,44,49,50,44
1505,45,51,44,45,55,44,49,50,44
1506,45,51,44,45,55,44,49,50,44
1507,45,51,44,45,55,44,49,50,44
1508,45,50,44,45,55,44,49,50,44
1509,45,50,44,45,55,44,49,50,44
1510,45,50,44,45,55,44,49,51,44
1511,45,50,44,45,55,44,49,51,44
1512,45,49,44,45,55,44,49,51,44
1513,45,49,44,45,55,44,49,51,44
1514,45,49,44,45,55,44,49,51,44
1515,45,49,44,45,55,44,49,51,44
1516,48,44,45,55,44,49,51,44,53
1517,48,44,45,55,44,49,51,44,53
1518,48,44,45,55,44,49,51,44,53
1519,48,44,45,55,44,49,51,44,53
1520,48,44,45,55,44,49,51,44,53
1521,48,44,45,55,44,49,51,44,53
1522,49,44,45,55,44,49,51,44,53
1523,49,44,45,55,44,49,51,44,53
1524,49,44,45,55,44,49,50,44,53
1525,49,44,45,55,44,49,50,44,53
1526,49,44,45,55,44,49,50,44,53
1527,49,44,45,55,44,49,50,44,53
1528,50,44,45,55,44,49,50,44,53
1529,50,44,45,55,44,49,50,44,53
1530,50,44,45,55,44,49,50,44,53
1531,50,44,45,55,44,49,50,44,53
1532,50,44,45,55,44,49,50,44,53
1533,45,49,56,44,45,55,44,49,51
1534,45,49,56,44,45,55,44,49,51
1535,45,49,56,44,45,55,44,49,52
1536,45,49,56,44,45,55,44,49,52
1537,45,49,56,44,45,55,44,49,52
1538,45,49,56,44,45,55,44,49,52
1539,45,49,56,44,45,55,44,49,52
1540,45,49,56,44,45,55,44,49,52
1541,45,49,56,44,45,55,44,49,53
1542,45,49,56,44,45,55,44,49,53
1543,45,49,56,44,45,55,44,49,53
1544,45,49,56,44,45,55,44,49,53
1545,45,49,56,44,45,55,44,49,53
1546,45,49,55,44,45,55,44,49,53
1547,45,49,55,44,45,55,44,49,53
1548,45,49,55,44,45,54,44,49,53
1549,45,49,55,44,45,54,44,49,53
1550,45,49,55,44,45,54,44,49,53
1551,45,49,55,44,45,54,44,49,53
1552,45,49,55,44,45,54,44,49,53
1553,45,49,55,44,45,54,44,49,52
1554,45,49,55,44,45,54,44,49,52
1555,45,49,55,44,45,54,44,49,52
1556,45,49,55,44,45,54,44,49,52
1557,45,49,54,44,45,54,44,49,52
1558,45,49,54,44,45,54,44,49,52
1559,45,49,54,44,45,54,44,49,52
1560,45,49,54,44,45,54,44,49,51
1561,45,49,54,44,45,54,44,49,51
1562,45,49,54,44,45,54,44,49,51
1563,45,49,54,44,45,54,44,49,51
1564,45,49,54,44,45,54,44,49,51
1565,45,49,53,44,45,54,44,49,51
1566,45,49,53,44,45,54,44,49,52
1567,45,49,53,44,45,54,44,49,52
1568,45,49,53,44,45,54,44,49,52
1569,45,49,53,44,45,54,44,49,52
1570,45,49,52,44,45,54,44,49,52
1571,45,49,52,44,45,54,44,49,52
1572,45,49,52,44,45,54,44,49,53
1573,45,49,52,44,45,54,44,49,53
1574,45,49,52,44,45,54,44,49,53
1575,45,49,52,44,45,54,44,49,53
1576,45,49,51,44,45,54,44,49,53
1577,45,49,51,44,45,54,44,49,53
1578,45,49,51,44,45,54,44,49,53
1579,45,49,50,44,45,54,44,49,53
1580,45,49,50,44,45,54,44,49,53
1581,45,49,50,44,45,53,44,49,53
1582,45,49,50,44,45,53,44,49,53
1583,45,49,50,44,45,53,44,49,52
1584,45,49,50,44,45,53,44,49,52
1585,45,49,49,44,45,53,44,49,52
1586,45,49,49,44,45,53,44,49,52
1587,45,49,49,44,45,53,44,49,52
1588,45,49,49,44,45,53,44,49,52
1589,45,49,49,44,45,53,44,49,51
1590,45,49,49,44,45,53,44,49,51
1591,45,49,49,44,45,53,44,49,51
1592,45,49,48,44,45,53,44,49,51
1593,45,49,48,44,45,53,44,49,52
1594,45,49,48,44,45,53,44,49,52
1595,45,49,48,44,45,53,44,49,52
1596,45,57,44,45,53,44,49,52,44
1597,45,57,44,45,53,44,49,52,44
1598,45,57,44,45,53,44,49,53,44
1599,45,57,44,45,53,44,49,53,44
1600,45,57,44,45,53,44,49,53,44
1601,45,56,44,45,53,44,49,53,44
1602,45,56,44,45,53,44,49,53,44
1603,45,56,44,45,53,44,49,53,44
1604,45,56,44,45,53,44,49,53,44
1605,45,55,44,45,53,44,49,53,44
1606,45,55,44,45,53,44,49,53,44
1607,45,55,44,45,53,44,49,53,44
1608,45,54,44,45,53,44,49,52,44
1609,45,54,44,45,53,44,49,52,44
1610,45,54,44,45,53,44,49,52,44
1611,45,54,44,45,53,44,49,52,44
1612,45,53,44,45,53,44,49,52,44
1613,45,53,44,45,53,44,49,51,44
1614,45,53,44,45,53,44,49,51,44
1615,45,53,44,45,53,44,49,51,44
1616,45,53,44,45,53,44,49,51,44
1617,45,53,44,45,53,44,49,50,44
1618,45,52,44,45,53,44,49,50,44
1619,45,52,44,45,53,44,49,50,44
1620,45,52,44,45,53,44,49,50,44
1621,45,51,44,45,53,44,49,50,44
1622,45,51,44,45,53,44,49,50,44
1623,45,56,44,49,52,44,49,50,44
1624,45,56,44,49,52,44,49,50,44
1625,45,56,44,49,52,44,49,51,44
1626,45,56,44,49,53,44,49,51,44
1627,45,56,44,49,53,44,49,51,44
1628,45,56,44,49,54,44,49,52,44
1629,45,56,44,49,54,44,49,52,44
1630,45,56,44,49,54,44,49,52,44
1631,45,56,44,49,54,44,49,52,44
1632,45,56,44,49,55,44,49,52,44
1633,45,56,44,49,55,44,49,52,44
1634,45,56,44,49,55,44,49,52,44
1635,45,56,44,49,55,44,49,52,44
1636,45,56,44,49,56,44,49,52,44
1637,45,56,44,49,56,44,49,52,44
1638,45,56,44,49,56,44,49,51,44
1639,45,56,44,49,56,44,49,51,44
1640,45,56,44,49,56,44,49,51,44
1641,45,56,44,49,56,44,49,51,44
1642,45,56,44,49,57,44,49,51,44
1643,45,56,44,49,57,44,49,51,44
1644,45,56,44,49,57,44,49,50,44
1645,45,56,44,49,57,44,49,50,44
1646,45,56,44,49,57,44,49,50,44
1647,45,56,44,50,48,44,49,50,44
1648,45,56,44,50,48,44,49,50,44
1649,45,56,44,50,48,44,49,50,44
1650,45,56,44,50,48,44,49,50,44
1651,45,56,44,50,48,44,49,50,44
1652,45,56,44,50,48,44,49,50,44
1653,45,56,44,50,49,44,49,51,44
1654,45,56,44,50,49,44,49,51,44
1655,45,56,44,50,49,44,49,51,44
1656,45,56,44,50,49,44,49,51,44
1657,45,56,44,50,49,44,49,51,44
1658,45,56,44,50,49,44,49,51,44
1659,45,56,44,50,50,44,49,51,44
1660,45,56,44,50,50,44,49,51,44
1661,45,55,44,50,50,44,49,51,44
1662,45,55,44,50,50,44,49,51,44
1663,45,55,44,50,50,44,49,51,44
1664,45,55,44,50,51,44,49,51,44
1665,45,55,44,50,51,44,49,51,44
1666,45,55,44,50,51,44,49,51,44
1667,45,55,44,50,51,44,49,51,44
1668,45,55,44,50,51,44,49,51,44
1669,45,55,44,50,52,44,49,51,44
1670,45,55,44,50,52,44,49,51,44
1671,45,55,44,50,52,44,49,51,44
1672,45,55,44,50,52,44,49,51,44
1673,45,55,44,50,52,44,49,50,44
1674,45,54,44,50,52,44,49,50,44
1675,45,54,44,50,52,44,49,50,44
1676,45,54,44,50,52,44,49,50,44
1677,45,54,44,50,52,44,49,50,44
1678,45,54,44,50,53,44,49,50,44
1679,45,54,44,50,53,44,49,50,44
1680,45,54,44,50,53,44,49,50,44
1681,45,54,44,50,53,44,49,50,44
1682,45,54,44,50,53,44,49,50,44
1683,45,54,44,50,53,44,49,50,44
1684,45,53,44,50,53,44,49,50,44
1685,45,53,44,50,53,44,49,51,44
1686,45,53,44,50,53,44,49,51,44
1687,45,53,44,50,53,44,49,51,44
1688,45,53,44,50,54,44,49,51,44
1689,45,53,44,50,54,44,49,51,44
1690,45,53,44,50,54,44,49,51,44
1691,45,53,44,50,54,44,49,51,44
1692,45,53,44,50,54,44,49,51,44
1693,45,53,44,50,54,44,49,51,44
1694,45,52,44,50,54,44,49,51,44
1695,45,52,44,50,54,44,49,51,44
1696,45,52,44,50,54,44,49,51,44
1697,45,52,44,50,54,44,49,51,44
1698,45,52,44,50,55,44,49,51,44
1699,45,52,44,50,55,44,49,51,44
1700,45,52,44,50,55,44,49,51,44
1701,45,52,44,50,55,44,49,51,44
1702,45,52,44,50,55,44,49,51,44
1703,45,52,44,50,55,44,49,51,44
1704,45,52,44,50,55,44,49,51,44
1705,45,52,44,50,55,44,49,51,44
1706,45,51,44,50,55,44,49,51,44
1707,45,51,44,50,56,44,49,50,44
1708,45,51,44,50,56,44,49,50,44
1709,45,51,44,50,56,44,49,50,44
1710,45,51,44,50,56,44,49,50,44
1711,45,51,44,50,56,44,49,50,44
1712,45,51,44,50,56,44,49,50,44
1713,45,51,44,50,56,44,49,50,44
1714,45,51,44,50,56,44,49,50,44
1715,45,51,44,50,56,44,49,50,44
1716,45,51,44,50,57,44,49,51,44
1717,45,51,44,50,57,44,49,51,44
1718,45,51,44,50,57,44,49,51,44
1719,45,51,44,50,57,44,49,51,44
1720,45,51,44,50,57,44,49,51,44
1721,45,49,54,44,45,55,44,49,51
1722,45,49,54,44,45,55,44,49,51
1723,45,49,54,44,45,55,44,49,51
1724,45,49,54,44,45,55,44,49,51
1725,45,49,54,44,45,55,44,49,52
1726,45,49,54,44,45,55,44,49,52
1727,45,49,54,44,45,55,44,49,52
1728,45,49,54,44,45,55,44,49,52
1729,45,49,54,44,45,55,44,49,52
1730,45,49,54,44,45,55,44,49,52
1731,45,49,54,44,45,55,44,49,53
1732,45,49,54,44,45,55,44,49,53
1733,45,49,54,44,45,54,44,49,53
1734,45,49,54,44,45,54,44,49,53
1735,45,49,55,44,45,54,44,49,53
1736,45,49,55,44,45,54,44,49,53
1737,45,49,55,44,45,54,44,49,53
1738,45,49,55,44,45,54,44,49,53
1739,45,49,55,44,45,54,44,49,53
1740,45,49,55,44,45,54,44,49,53
1741,45,49,55,44,45,54,44,49,53
1742,45,49,55,44,45,53,44,49,52
1743,45,49,55,44,45,53,44,49,52
1744,45,49,55,44,45,53,44,49,52
1745,45,49,55,44,45,53,44,49,52
1746,45,49,55,44,45,53,44,49,52
1747,45,49,55,44,45,53,44,49,51
1748,45,49,55,44,45,52,44,49,51
1749,45,49,55,44,45,52,44,49,51
1750,45,49,55,44,45,52,44,49,51
1751,45,49,55,44,45,52,44,49,51
1752,45,49,56,44,45,52,44,49,51
1753,45,49,56,44,45,52,44,49,52
1754,45,49,56,44,45,52,44,49,52
1755,45,49,56,44,45,52,44,49,52
1756,45,49,56,44,45,52,44,49,52
1757,45,49,56,44,45,51,44,49,52
1758,45,49,56,44,45,51,44,49,52
1759,45,49,56,44,45,51,44,49,53
1760,45,49,56,44,45,51,44,49,53
1761,45,49,56,44,45,51,44,49,53
1762,45,49,56,44,45,50,44,49,53
1763,45,49,56,44,45,50,44,49,53
1764,45,49,56,44,45,50,44,49,53
1765,45,49,56,44,45,49,44,49,53
1766,45,49,56,44,45,49,44,49,53
1767,45,49,56,44,45,49,44,49,53
1768,45,49,56,44,45,49,44,49,53
1769,45,49,56,44,45,49,44,49,52
1770,45,49,56,44,45,49,44,49,52
1771,45,49,56,44,48,44,49,52,44
1772,45,49,56,44,48,44,49,52,44
1773,45,49,56,44,48,44,49,52,44
1774,45,49,56,44,48,44,49,52,44
1775,45,49,56,44,48,44,49,51,44
1776,45,49,56,44,48,44,49,51,44
1777,45,49,56,44,48,44,49,51,44
1778,45,49,56,44,48,44,49,50,44
1779,45,49,56,44,48,44,49,50,44
1780,45,49,56,44,48,44,49,50,44
1781,45,49,56,44,48,44,49,50,44
1782,45,49,56,44,48,44,49,50,44
1783,45,49,56,44,49,44,49,50,44
1784,45,49,56,44,49,44,49,50,44
1785,45,49,56,44,50,44,49,50,44
1786,45,49,56,44,51,44,49,50,44
1787,45,49,56,44,53,44,49,50,44
1788,45,49,56,44,54,44,49,50,44
1789,45,49,56,44,54,44,49,50,44
1790,48,44,45,49,44,48,44,48,44
1791,48,44,45,49,44,48,44,48,44
1792,48,44,45,49,44,48,44,48,44
1793,48,44,45,49,44,48,44,48,44
1794,48,44,45,49,44,48,44,48,44
1795,48,44,45,49,44,48,44,49,44
1796,48,44,45,49,44,48,44,49,44
1797,45,49,56,44,45,50,44,49,50
1798,45,49,56,44,45,50,44,49,50
1799,45,49,56,44,45,49,44,49,50
1800,45,49,56,44,45,49,44,49,50
1801,45,49,56,44,45,49,44,49,50
1802,45,49,56,44,45,49,44,49,50
1803,45,49,56,44,45,49,44,49,50
1804,45,49,56,44,45,49,44,49,50
1805,45,49,56,44,45,49,44,49,50
1806,45,49,55,44,45,49,44,49,50
1807,45,49,54,44,45,49,44,49,50
1808,45,49,53,44,45,49,44,49,50
1809,45,49,52,44,45,49,44,49,50
1810,45,49,52,44,45,49,44,49,50
1811,45,49,52,44,45,49,44,49,50
1812,45,49,52,44,45,49,44,49,50
1813,45,49,52,44,45,49,44,49,50
1814,45,49,52,44,45,49,44,49,50
1815,45,49,52,44,45,49,44,49,50
1816,45,49,52,44,45,49,44,49,50
1817,45,49,52,44,45,49,44,49,50
1818,45,49,53,44,45,49,44,49,50
1819,45,49,53,44,45,49,44,49,50
1820,45,49,53,44,45,49,44,49,50
1821,45,49,53,44,45,49,44,49,50
1822,45,49,53,44,45,49,44,49,50
1823,45,49,53,44,45,49,44,49,50
1824,45,49,53,44,45,49,44,49,50
1825,45,49,54,44,45,49,44,49,50
1826,45,49,55,44,45,49,44,49,50
1827,45,49,55,44,45,49,44,49,50
1828,45,49,56,44,45,49,44,49,50
1829,45,49,56,44,45,49,44,49,50
1830,45,49,56,44,45,49,44,49,50
1831,45,49,56,44,45,49,44,49,50
1832,45,49,56,44,45,49,44,49,50
1833,45,49,56,44,45,49,44,49,50
1834,45,49,56,44,45,49,44,49,50
1835,45,49,56,44,45,49,44,49,50
1836,45,49,56,44,45,49,44,49,50
1837,45,57,44,45,52,44,49,51,44
1838,45,57,44,45,52,44,49,51,44
1839,45,57,44,45,52,44,49,51,44
1840,45,57,44,45,52,44,49,51,44
1841,45,56,44,45,52,44,49,51,44
1842,45,56,44,45,52,44,49,51,44
1843,45,56,44,45,52,44,49,51,44
1844,45,56,44,45,52,44,49,51,44
1845,45,55,44,45,52,44,49,51,44
1846,45,55,44,45,52,44,49,51,44
1847,45,55,44,45,52,44,49,50,44
1848,45,55,44,45,52,44,49,50,44
1849,45,55,44,45,52,44,49,50,44
1850,45,55,44,45,51,44,49,50,44
1851,45,55,44,45,51,44,49,50,44
1852,45,54,44,45,51,44,49,50,44
1853,45,54,44,45,51,44,49,50,44
1854,45,54,44,45,51,44,49,50,44
1855,45,54,44,45,51,44,49,50,44
1856,45,54,44,45,51,44,49,50,44
1857,45,54,44,45,51,44,49,50,44
1858,45,54,44,45,51,44,49,50,44
1859,45,54,44,45,51,44,49,50,44
1860,45,54,44,45,51,44,49,50,44
1861,45,54,44,45,51,44,49,50,44
1862,45,54,44,45,50,44,49,50,44
1863,45,54,44,45,49,44,49,50,44
1864,45,54,44,45,49,44,49,50,44
1865,45,54,44,45,49,44,49,50,44
1866,45,54,44,45,49,44,49,50,44
1867,45,54,44,45,49,44,49,50,44
1868,45,54,44,45,49,44,49,50,44
1869,45,54,44,45,49,44,49,50,44
1870,45,54,44,45,49,44,49,50,44
1871,45,54,44,45,49,44,49,50,44
1872,45,54,44,45,49,44,49,50,44
1873,45,54,44,45,49,44,49,50,44
1874,45,54,44,48,44,49,50,44,45
1875,45,55,44,48,44,49,50,44,45
1876,45,55,44,48,44,49,50,44,45
1877,45,55,44,48,44,49,50,44,45
1878,45,56,44,48,44,49,50,44,45
1879,45,56,44,48,44,49,50,44,45
1880,45,57,44,48,44,49,50,44,45
1881,45,49,48,44,48,44,49,50,44
1882,45,49,48,44,48,44,49,50,44
1883,45,49,49,44,48,44,49,50,44
1884,45,49,50,44,48,44,49,50,44
1885,45,49,50,44,48,44,49,50,44
1886,45,49,50,44,45,49,44,49,50
1887,45,49,50,44,45,49,44,49,50
1888,45,49,50,44,45,49,44,49,50
1889,45,49,50,44,45,49,44,49,50
1890,45,49,50,44,45,49,44,49,50
1891,45,49,50,44,45,49,44,49,50
1892,45,49,50,44,45,49,44,49,50
1893,45,49,50,44,45,49,44,49,50
1894,45,49,50,44,45,50,44,49,50
1895,45,49,50,44,45,51,44,49,50
1896,45,49,50,44,45,51,44,49,50
1897,45,49,50,44,45,52,44,49,50
1898,45,49,50,44,45,52,44,49,50
1899,45,49,50,44,45,52,44,49,50
1900,45,49,50,44,45,52,44,49,50
1901,45,49,50,44,45,52,44,49,50
1902,48,44,48,44,48,44,48,44,48
1903,48,44,48,44,48,44,48,44,48
1904,48,44,48,44,48,44,48,44,48
1905,48,44,48,44,48,44,48,44,48
1906,48,44,48,44,48,44,48,44,49
1907,48,44,48,44,48,44,48,44,49
1908,45,49,54,44,45,54,44,49,53
1909,45,49,55,44,45,54,44,49,53
1910,45,49,55,44,45,53,44,49,52
1911,45,49,56,44,45,52,44,49,52
1912,45,49,56,44,45,52,44,49,52
1913,45,49,56,44,45,51,44,49,52
1914,45,49,56,44,45,51,44,49,52
1915,45,49,56,44,45,51,44,49,52
1916,45,49,56,44,45,51,44,49,52
1917,45,49,56,44,45,51,44,49,52
1918,45,49,56,44,45,51,44,49,53
1919,45,49,56,44,45,50,44,49,53
1920,45,49,56,44,45,50,44,49,53
1921,45,49,56,44,45,50,44,49,53
1922,45,49,56,44,45,50,44,49,53
1923,45,49,56,44,45,49,44,49,53
1924,45,49,56,44,45,49,44,49,53
1925,45,49,56,44,48,44,49,53,44
1926,45,49,56,44,48,44,49,53,44
1927,45,49,56,44,48,44,49,53,44
1928,45,49,56,44,49,44,49,53,44
1929,45,49,56,44,50,44,49,53,44
1930,45,49,56,44,50,44,49,53,44
1931,45,49,56,44,50,44,49,53,44
1932,45,49,56,44,50,44,49,53,44
1933,45,49,56,44,50,44,49,53,44
1934,45,49,56,44,50,44,49,54,44
1935,45,49,56,44,50,44,49,54,44
1936,45,49,56,44,51,44,49,54,44
1937,45,49,56,44,51,44,49,54,44
1938,45,49,56,44,51,44,49,54,44
1939,45,49,56,44,51,44,49,54,44
1940,45,49,56,44,51,44,49,54,44
1941,45,49,56,44,51,44,49,54,44
1942,45,49,56,44,51,44,49,54,44
1943,45,49,56,44,52,44,49,54,44
1944,45,49,55,44,52,44,49,54,44
1945,45,49,55,44,52,44,49,54,44
1946,45,49,55,44,52,44,49,54,44
1947,45,49,55,44,52,44,49,54,44
1948,45,49,55,44,53,44,49,54,44
1949,45,49,55,44,53,44,49,54,44
1950,45,49,56,44,53,44,49,54,44
1951,45,49,56,44,53,44,49,54,44
1952,45,49,56,44,53,44,49,53,44
1953,45,49,56,44,53,44,49,53,44
1954,45,49,56,44,54,44,49,53,44
1955,45,49,56,44,54,44,49,53,44
1956,45,49,56,44,54,44,49,52,44
1957,45,49,56,44,54,44,49,52,44
1958,45,49,56,44,55,44,49,52,44
1959,45,49,56,44,55,44,49,51,44
1960,45,49,56,44,55,44,49,51,44
1961,45,49,54,44,45,54,44,49,53
1962,45,49,55,44,45,54,44,49,53
1963,45,49,55,44,45,54,44,49,53
1964,45,49,55,44,45,54,44,49,53
1965,45,49,55,44,45,54,44,49,53
1966,45,49,55,44,45,54,44,49,53
1967,45,49,55,44,45,54,44,49,53
1968,45,49,55,44,45,54,44,49,53
1969,45,49,55,44,45,54,44,49,52
1970,45,49,55,44,45,54,44,49,52
1971,45,49,55,44,45,53,44,49,52
1972,45,49,56,44,45,53,44,49,52
1973,45,49,56,44,45,53,44,49,52
1974,45,49,56,44,45,53,44,49,52
1975,45,49,56,44,45,53,44,49,51
1976,45,49,56,44,45,53,44,49,51
1977,45,49,56,44,45,53,44,49,51
1978,45,49,56,44,45,53,44,49,51
1979,45,49,56,44,45,53,44,49,51
1980,45,49,56,44,45,53,44,49,51
1981,45,49,56,44,45,53,44,49,51
1982,45,49,56,44,45,53,44,49,51
1983,45,49,56,44,45,53,44,49,51
1984,45,49,56,44,45,53,44,49,51
1985,45,49,56,44,45,53,44,49,51
1986,45,49,56,44,45,53,44,49,52
1987,45,49,56,44,45,53,44,49,52
1988,45,49,56,44,45,53,44,49,52
1989,45,49,56,44,45,53,44,49,52
1990,45,49,56,44,45,53,44,49,52
1991,45,49,56,44,45,52,44,49,52
1992,45,49,56,44,45,52,44,49,52
1993,45,49,56,44,45,52,44,49,53
1994,45,49,56,44,45,52,44,49,53
1995,45,49,56,44,45,52,44,49,53
1996,45,49,56,44,45,52,44,49,53
1997,45,49,56,44,45,52,44,49,53
1998,45,49,56,44,45,52,44,49,53
1999,45,49,56,44,45,52,44,49,53
2000,45,49,56,44,45,52,44,49,53
2001,45,49,56,44,45,52,44,49,53
2002,45,49,56,44,45,51,44,49,52
2003,45,49,56,44,45,51,44,49,52
2004,45,49,56,44,45,51,44,49,52
2005,45,49,56,44,45,51,44,49,52
2006,45,49,56,44,45,51,44,49,52
2007,45,49,56,44,45,51,44,49,52
2008,45,49,56,44,45,51,44,49,51
2009,45,49,56,44,45,51,44,49,51
2010,45,49,56,44,45,50,44,49,51
2011,45,49,56,44,45,50,44,49,51
2012,45,49,56,44,45,50,44,49,50
2013,45,49,56,44,45,50,44,49,50
2014,45,49,56,44,45,50,44,49,50
2015,45,49,56,44,45,49,44,49,50
2016,45,49,56,44,45,49,44,49,50
2017,45,49,56,44,45,49,44,49,50
2018,45,49,56,44,45,49,44,49,50
2019,45,49,56,44,45,49,44,49,50
2020,45,49,56,44,45,49,44,49,51
2021,45,49,56,44,45,49,44,49,51
2022,45,49,56,44,45,49,44,49,51
2023,45,49,56,44,48,44,49,51,44
2024,45,49,56,44,48,44,49,51,44
2025,45,49,56,44,48,44,49,51,44
2026,45,49,56,44,48,44,49,51,44
2027,45,49,56,44,48,44,49,51,44
2028,45,49,55,44,48,44,49,51,44
2029,45,49,55,44,48,44,49,51,44
2030,45,49,55,44,48,44,49,51,44
2031,45,49,55,44,48,44,49,51,44
2032,45,49,55,44,48,44,49,51,44
2033,45,49,55,44,48,44,49,51,44
2034,45,49,55,44,49,44,49,51,44
2035,45,49,55,44,49,44,49,51,44
2036,45,49,54,44,49,44,49,51,44
2037,45,49,54,44,49,44,49,51,44
2038,45,49,54,44,49,44,49,51,44
2039,45,49,54,44,49,44,49,50,44
2040,45,49,54,44,49,44,49,50,44
2041,45,49,54,44,50,44,49,50,44
2042,45,49,54,44,50,44,49,50,44
2043,45,49,54,44,50,44,49,50,44
2044,45,49,54,44,50,44,49,50,44
2045,45,49,53,44,50,44,49,50,44
2046,45,49,53,44,50,44,49,50,44
2047,48,44,48,44,48,44,48,44,48
2048,48,44,48,44,48,44,49,44,48
2049,48,44,48,44,48,44,49,44,48
2050,45,49,56,44,54,44,49,51,44
2051,45,49,56,44,54,44,49,51,44
2052,45,49,56,44,55,44,49,51,44
2053,45,49,56,44,55,44,49,51,44
2054,45,49,56,44,55,44,49,51,44
2055,45,49,56,44,55,44,49,51,44
2056,45,49,56,44,56,44,49,51,44
2057,45,49,56,44,56,44,49,51,44
2058,45,49,56,44,56,44,49,51,44
2059,45,49,56,44,56,44,49,51,44
2060,45,49,56,44,57,44,49,51,44
2061,45,49,56,44,57,44,49,51,44
2062,45,49,56,44,57,44,49,51,44
2063,45,49,56,44,57,44,49,50,44
2064,45,49,56,44,57,44,49,50,44
2065,45,49,55,44,57,44,49,50,44
2066,45,49,55,44,57,44,49,50,44
2067,45,49,55,44,49,48,44,49,50
2068,45,49,55,44,49,48,44,49,50
2069,45,49,55,44,49,48,44,49,50
2070,45,49,55,44,49,48,44,49,50
2071,45,49,55,44,49,48,44,49,50
2072,45,49,55,44,49,48,44,49,50
2073,45,49,55,44,49,48,44,49,50
2074,45,49,55,44,49,48,44,49,50
2075,45,49,55,44,49,48,44,49,51
2076,45,49,54,44,49,49,44,49,51
2077,45,49,54,44,49,49,44,49,51
2078,45,49,54,44,49,49,44,49,51
2079,45,49,54,44,49,49,44,49,51
2080,45,49,54,44,49,49,44,49,51
2081,45,49,54,44,49,49,44,49,51
2082,45,49,54,44,49,49,44,49,51
2083,45,49,54,44,49,49,44,49,51
2084,45,49,54,44,49,49,44,49,51
2085,45,49,53,44,49,49,44,49,51
2086,45,49,53,44,49,50,44,49,51
2087,45,49,53,44,49,50,44,49,51
2088,45,49,53,44,49,50,44,49,51
2089,45,49,53,44,49,50,44,49,51
2090,45,49,53,44,49,50,44,49,51
2091,45,49,52,44,49,50,44,49,51
2092,45,49,52,44,49,50,44,49,51
2093,45,49,52,44,49,50,44,49,50
2094,45,49,52,44,49,50,44,49,50
2095,45,49,52,44,49,50,44,49,50
2096,45,49,52,44,49,50,44,49,50
2097,45,49,52,44,49,50,44,49,50
2098,45,49,52,44,49,50,44,49,50
2099,45,49,51,44,49,50,44,49,50
2100,45,49,51,44,49,50,44,49,50
2101,45,49,51,44,49,50,44,49,50
2102,45,49,51,44,49,50,44,49,51
2103,45,49,51,44,49,50,44,49,51
2104,45,49,51,44,49,50,44,49,51
2105,45,49,51,44,49,50,44,49,51
2106,45,49,50,44,49,50,44,49,51
2107,45,49,50,44,49,50,44,49,51
2108,45,49,50,44,49,50,44,49,51
2109,45,49,50,44,49,50,44,49,51
2110,45,49,50,44,49,49,44,49,51
2111,45,49,50,44,49,49,44,49,51
2112,45,49,50,44,49,49,44,49,51
2113,45,49,49,44,49,49,44,49,51
2114,45,49,49,44,49,49,44,49,51
2115,45,49,49,44,49,49,44,49,51
2116,45,49,49,44,49,49,44,49,51
2117,45,49,49,44,49,49,44,49,51
2118,45,49,49,44,49,49,44,49,51
2119,45,49,49,44,49,49,44,49,51
2120,45,49,49,44,49,48,44,49,50
2121,45,49,48,44,49,48,44,49,50
2122,45,49,48,44,49,48,44,49,50
2123,45,49,48,44,49,48,44,49,50
2124,45,49,48,44,49,48,44,49,50
2125,45,49,48,44,49,48,44,49,50
2126,45,49,48,44,57,44,49,50,44
2127,45,49,48,44,57,44,49,50,44
2128,45,49,48,44,57,44,49,51,44
2129,45,49,48,44,57,44,49,51,44
2130,45,57,44,57,44,49,51,44,51
2131,45,57,44,57,44,49,51,44,51
2132,45,57,44,57,44,49,51,44,51
2133,45,57,44,56,44,49,51,44,51
2134,45,57,44,56,44,49,51,44,50
2135,45,57,44,56,44,49,51,44,50
2136,45,57,44,56,44,49,51,44,50
2137,48,44,48,44,48,44,48,44,48
2138,48,44,48,44,48,44,48,44,48
2139,48,44,48,44,48,44,48,44,48
2140,48,44,48,44,48,44,48,44,48
2141,48,44,48,44,48,44,48,44,45
2142,48,44,48,44,48,44,48,44,45
2143,48,44,48,44,48,44,48,44,45
